[2026-09-06 17:43:25] ╔══════════════════════════════════════════════════╗
[2026-09-06 17:43:25] ║ v8 LOCAL — RTX 3090 24GB (v8.0 CLI)              ║
[2026-09-06 17:43:25] ║ Models: 10  Bands: early mid late  Modes: 4 ║
[2026-09-06 17:43:25] ╚══════════════════════════════════════════════════╝
PyTorch 2.10.0+cu128 | Transformers 4.52.4
GPU0: NVIDIA GeForce RTX 3090 (24.0 GB)
[2026-09-06 17:43:28] ━━━━━━━━━━━━━━━━━━━━━━━━━━━━━━━━━━━━━━━━
[2026-09-06 17:43:28] ▶ START Qwen3-0.6B [early]  modes=baseline,uniform_causal,uniform_global,shuffle_rows repeats=1
[2026-09-06 17:43:28] ━━━━━━━━━━━━━━━━━━━━━━━━━━━━━━━━━━━━━━━━
Skipping import of cpp extensions due to incompatible torch version. Please upgrade to torch >= 2.11.0 (found 2.10.0+cu128).
The following generation flags are not valid and may be ignored: ['temperature', 'top_p', 'top_k']. Set `TRANSFORMERS_VERBOSITY=info` for more details.
The following generation flags are not valid and may be ignored: ['temperature', 'top_p', 'top_k']. Set `TRANSFORMERS_VERBOSITY=info` for more details.
The following generation flags are not valid and may be ignored: ['temperature', 'top_p', 'top_k']. Set `TRANSFORMERS_VERBOSITY=info` for more details.
The following generation flags are not valid and may be ignored: ['temperature', 'top_p', 'top_k']. Set `TRANSFORMERS_VERBOSITY=info` for more details.
The following generation flags are not valid and may be ignored: ['temperature', 'top_p', 'top_k']. Set `TRANSFORMERS_VERBOSITY=info` for more details.
The following generation flags are not valid and may be ignored: ['temperature', 'top_p', 'top_k']. Set `TRANSFORMERS_VERBOSITY=info` for more details.
The following generation flags are not valid and may be ignored: ['temperature', 'top_p', 'top_k']. Set `TRANSFORMERS_VERBOSITY=info` for more details.
The following generation flags are not valid and may be ignored: ['temperature', 'top_p', 'top_k']. Set `TRANSFORMERS_VERBOSITY=info` for more details.
The following generation flags are not valid and may be ignored: ['temperature', 'top_p', 'top_k']. Set `TRANSFORMERS_VERBOSITY=info` for more details.
The following generation flags are not valid and may be ignored: ['temperature', 'top_p', 'top_k']. Set `TRANSFORMERS_VERBOSITY=info` for more details.
The following generation flags are not valid and may be ignored: ['temperature', 'top_p', 'top_k']. Set `TRANSFORMERS_VERBOSITY=info` for more details.
The following generation flags are not valid and may be ignored: ['temperature', 'top_p', 'top_k']. Set `TRANSFORMERS_VERBOSITY=info` for more details.
The following generation flags are not valid and may be ignored: ['temperature', 'top_p', 'top_k']. Set `TRANSFORMERS_VERBOSITY=info` for more details.
The following generation flags are not valid and may be ignored: ['temperature', 'top_p', 'top_k']. Set `TRANSFORMERS_VERBOSITY=info` for more details.
The following generation flags are not valid and may be ignored: ['temperature', 'top_p', 'top_k']. Set `TRANSFORMERS_VERBOSITY=info` for more details.
The following generation flags are not valid and may be ignored: ['temperature', 'top_p', 'top_k']. Set `TRANSFORMERS_VERBOSITY=info` for more details.
The following generation flags are not valid and may be ignored: ['temperature', 'top_p', 'top_k']. Set `TRANSFORMERS_VERBOSITY=info` for more details.
The following generation flags are not valid and may be ignored: ['temperature', 'top_p', 'top_k']. Set `TRANSFORMERS_VERBOSITY=info` for more details.
The following generation flags are not valid and may be ignored: ['temperature', 'top_p', 'top_k']. Set `TRANSFORMERS_VERBOSITY=info` for more details.
The following generation flags are not valid and may be ignored: ['temperature', 'top_p', 'top_k']. Set `TRANSFORMERS_VERBOSITY=info` for more details.
The following generation flags are not valid and may be ignored: ['temperature', 'top_p', 'top_k']. Set `TRANSFORMERS_VERBOSITY=info` for more details.
The following generation flags are not valid and may be ignored: ['temperature', 'top_p', 'top_k']. Set `TRANSFORMERS_VERBOSITY=info` for more details.
The following generation flags are not valid and may be ignored: ['temperature', 'top_p', 'top_k']. Set `TRANSFORMERS_VERBOSITY=info` for more details.
The following generation flags are not valid and may be ignored: ['temperature', 'top_p', 'top_k']. Set `TRANSFORMERS_VERBOSITY=info` for more details.
The following generation flags are not valid and may be ignored: ['temperature', 'top_p', 'top_k']. Set `TRANSFORMERS_VERBOSITY=info` for more details.
The following generation flags are not valid and may be ignored: ['temperature', 'top_p', 'top_k']. Set `TRANSFORMERS_VERBOSITY=info` for more details.
The following generation flags are not valid and may be ignored: ['temperature', 'top_p', 'top_k']. Set `TRANSFORMERS_VERBOSITY=info` for more details.
The following generation flags are not valid and may be ignored: ['temperature', 'top_p', 'top_k']. Set `TRANSFORMERS_VERBOSITY=info` for more details.
The following generation flags are not valid and may be ignored: ['temperature', 'top_p', 'top_k']. Set `TRANSFORMERS_VERBOSITY=info` for more details.
The following generation flags are not valid and may be ignored: ['temperature', 'top_p', 'top_k']. Set `TRANSFORMERS_VERBOSITY=info` for more details.
The following generation flags are not valid and may be ignored: ['temperature', 'top_p', 'top_k']. Set `TRANSFORMERS_VERBOSITY=info` for more details.
The following generation flags are not valid and may be ignored: ['temperature', 'top_p', 'top_k']. Set `TRANSFORMERS_VERBOSITY=info` for more details.
The following generation flags are not valid and may be ignored: ['temperature', 'top_p', 'top_k']. Set `TRANSFORMERS_VERBOSITY=info` for more details.
The following generation flags are not valid and may be ignored: ['temperature', 'top_p', 'top_k']. Set `TRANSFORMERS_VERBOSITY=info` for more details.
The following generation flags are not valid and may be ignored: ['temperature', 'top_p', 'top_k']. Set `TRANSFORMERS_VERBOSITY=info` for more details.
The following generation flags are not valid and may be ignored: ['temperature', 'top_p', 'top_k']. Set `TRANSFORMERS_VERBOSITY=info` for more details.
The following generation flags are not valid and may be ignored: ['temperature', 'top_p', 'top_k']. Set `TRANSFORMERS_VERBOSITY=info` for more details.
The following generation flags are not valid and may be ignored: ['temperature', 'top_p', 'top_k']. Set `TRANSFORMERS_VERBOSITY=info` for more details.
The following generation flags are not valid and may be ignored: ['temperature', 'top_p', 'top_k']. Set `TRANSFORMERS_VERBOSITY=info` for more details.
The following generation flags are not valid and may be ignored: ['temperature', 'top_p', 'top_k']. Set `TRANSFORMERS_VERBOSITY=info` for more details.
[LayerSplit] Model has 28 layers, split='early' → layers 0..6 (7 layers)
[Load] float16 on single GPU (cuda:0)
[ZH-Filter] kept 10/20 probes (Δlogp > 0.5). Kept indices: [1, 2, 3, 4, 7, 8, 10, 15, 17, 18]
[Gate] EN baseline acc=90.0% (2 failed: [1, 3]) → WARN (continuing)
[Gate] ZH baseline acc=100.0% (0 failed: []) → PASS
[Stream] Incremental log -> /mnt/e/grow/glogic_b4/test/github/results_v8/Qwen3-0.6B_early/stream.jsonl

############################################################
  REPEAT 1/1 (seed=42)
############################################################

==================================================
  CONDITION: baseline (seed=42)
==================================================
  EN acc=90.0% ppl=71.68
  ZH acc=100.0% ppl=204.54
  EN gen_ppl=1.79
  ZH gen_ppl=2.37

==================================================
  CONDITION: uniform_causal (seed=42)
==================================================
[Intervention] Registered 7 hooks on layers [0, 1, 2, 3, 4, 5, 6], mode=uniform_causal
[Verify] All hooks fired. Total calls: 4550, per-layer: {0: 650, 1: 650, 2: 650, 3: 650, 4: 650, 5: 650, 6: 650}
  EN acc=90.0% ppl=2174221.61
  ZH acc=100.0% ppl=23013904.75
  EN gen_ppl=140.15
  ZH gen_ppl=99.79

==================================================
  CONDITION: uniform_global (seed=42)
==================================================
[Intervention] Registered 7 hooks on layers [0, 1, 2, 3, 4, 5, 6], mode=uniform_global
[Verify] All hooks fired. Total calls: 4550, per-layer: {0: 650, 1: 650, 2: 650, 3: 650, 4: 650, 5: 650, 6: 650}
  EN acc=90.0% ppl=7866348.12
  ZH acc=90.0% ppl=8891141.52
  EN gen_ppl=107.96
  ZH gen_ppl=109.78

==================================================
  CONDITION: shuffle_rows (seed=42)
==================================================
[Intervention] Registered 7 hooks on layers [0, 1, 2, 3, 4, 5, 6], mode=shuffle_rows
[Verify] All hooks fired. Total calls: 4550, per-layer: {0: 650, 1: 650, 2: 650, 3: 650, 4: 650, 5: 650, 6: 650}
  EN acc=85.0% ppl=33897.47
  ZH acc=90.0% ppl=32953.06
  EN gen_ppl=261.49
  ZH gen_ppl=299.46

Saved -> /mnt/e/grow/glogic_b4/test/github/results_v8/Qwen3-0.6B_early/intervention_results.json
[2026-09-06 17:45:35] ✅ DONE Qwen3-0.6B_early in 127s
[2026-09-06 17:45:35] ━━━━━━━━━━━━━━━━━━━━━━━━━━━━━━━━━━━━━━━━
[2026-09-06 17:45:35] ▶ START Qwen3-0.6B [early]_shuffvar  modes=shuffle_rows repeats=3
[2026-09-06 17:45:35] ━━━━━━━━━━━━━━━━━━━━━━━━━━━━━━━━━━━━━━━━
Skipping import of cpp extensions due to incompatible torch version. Please upgrade to torch >= 2.11.0 (found 2.10.0+cu128).
[LayerSplit] Model has 28 layers, split='early' → layers 0..6 (7 layers)
[Load] float16 on single GPU (cuda:0)
[ZH-Filter] kept 10/20 probes (Δlogp > 0.5). Kept indices: [1, 2, 3, 4, 7, 8, 10, 15, 17, 18]
[Gate] EN baseline acc=90.0% (2 failed: [1, 3]) → WARN (continuing)
[Gate] ZH baseline acc=100.0% (0 failed: []) → PASS
[Stream] Incremental log -> /mnt/e/grow/glogic_b4/test/github/results_v8/Qwen3-0.6B_early_shuffvar/stream.jsonl

############################################################
  REPEAT 1/3 (seed=42)
############################################################

==================================================
  CONDITION: shuffle_rows (seed=42)
==================================================
[Intervention] Registered 7 hooks on layers [0, 1, 2, 3, 4, 5, 6], mode=shuffle_rows
[Verify] All hooks fired. Total calls: 280, per-layer: {0: 40, 1: 40, 2: 40, 3: 40, 4: 40, 5: 40, 6: 40}
  EN acc=85.0% ppl=33897.47
  ZH acc=90.0% ppl=32953.06

############################################################
  REPEAT 2/3 (seed=43)
############################################################

==================================================
  CONDITION: shuffle_rows (seed=43)
==================================================
[Intervention] Registered 7 hooks on layers [0, 1, 2, 3, 4, 5, 6], mode=shuffle_rows
[Verify] All hooks fired. Total calls: 280, per-layer: {0: 40, 1: 40, 2: 40, 3: 40, 4: 40, 5: 40, 6: 40}
  EN acc=85.0% ppl=9436.65
  ZH acc=100.0% ppl=55508.54

############################################################
  REPEAT 3/3 (seed=44)
############################################################

==================================================
  CONDITION: shuffle_rows (seed=44)
==================================================
[Intervention] Registered 7 hooks on layers [0, 1, 2, 3, 4, 5, 6], mode=shuffle_rows
[Verify] All hooks fired. Total calls: 280, per-layer: {0: 40, 1: 40, 2: 40, 3: 40, 4: 40, 5: 40, 6: 40}
  EN acc=90.0% ppl=44291.06
  ZH acc=80.0% ppl=34268.97

============================================================
SUMMARY (mean ± std across repeats)
============================================================
  shuffle_rows         | EN acc=86.7±2.4% ZH acc=90.0±8.2%

Saved -> /mnt/e/grow/glogic_b4/test/github/results_v8/Qwen3-0.6B_early_shuffvar/intervention_results.json
[2026-09-06 17:45:58] ✅ DONE Qwen3-0.6B_early_shuffvar in 23s
[2026-09-06 17:45:58] ━━━━━━━━━━━━━━━━━━━━━━━━━━━━━━━━━━━━━━━━
[2026-09-06 17:45:58] ▶ START Qwen3-0.6B [mid]  modes=baseline,uniform_causal,uniform_global,shuffle_rows repeats=1
[2026-09-06 17:45:58] ━━━━━━━━━━━━━━━━━━━━━━━━━━━━━━━━━━━━━━━━
Skipping import of cpp extensions due to incompatible torch version. Please upgrade to torch >= 2.11.0 (found 2.10.0+cu128).
The following generation flags are not valid and may be ignored: ['temperature', 'top_p', 'top_k']. Set `TRANSFORMERS_VERBOSITY=info` for more details.
The following generation flags are not valid and may be ignored: ['temperature', 'top_p', 'top_k']. Set `TRANSFORMERS_VERBOSITY=info` for more details.
The following generation flags are not valid and may be ignored: ['temperature', 'top_p', 'top_k']. Set `TRANSFORMERS_VERBOSITY=info` for more details.
The following generation flags are not valid and may be ignored: ['temperature', 'top_p', 'top_k']. Set `TRANSFORMERS_VERBOSITY=info` for more details.
The following generation flags are not valid and may be ignored: ['temperature', 'top_p', 'top_k']. Set `TRANSFORMERS_VERBOSITY=info` for more details.
The following generation flags are not valid and may be ignored: ['temperature', 'top_p', 'top_k']. Set `TRANSFORMERS_VERBOSITY=info` for more details.
The following generation flags are not valid and may be ignored: ['temperature', 'top_p', 'top_k']. Set `TRANSFORMERS_VERBOSITY=info` for more details.
The following generation flags are not valid and may be ignored: ['temperature', 'top_p', 'top_k']. Set `TRANSFORMERS_VERBOSITY=info` for more details.
The following generation flags are not valid and may be ignored: ['temperature', 'top_p', 'top_k']. Set `TRANSFORMERS_VERBOSITY=info` for more details.
The following generation flags are not valid and may be ignored: ['temperature', 'top_p', 'top_k']. Set `TRANSFORMERS_VERBOSITY=info` for more details.
The following generation flags are not valid and may be ignored: ['temperature', 'top_p', 'top_k']. Set `TRANSFORMERS_VERBOSITY=info` for more details.
The following generation flags are not valid and may be ignored: ['temperature', 'top_p', 'top_k']. Set `TRANSFORMERS_VERBOSITY=info` for more details.
The following generation flags are not valid and may be ignored: ['temperature', 'top_p', 'top_k']. Set `TRANSFORMERS_VERBOSITY=info` for more details.
The following generation flags are not valid and may be ignored: ['temperature', 'top_p', 'top_k']. Set `TRANSFORMERS_VERBOSITY=info` for more details.
The following generation flags are not valid and may be ignored: ['temperature', 'top_p', 'top_k']. Set `TRANSFORMERS_VERBOSITY=info` for more details.
The following generation flags are not valid and may be ignored: ['temperature', 'top_p', 'top_k']. Set `TRANSFORMERS_VERBOSITY=info` for more details.
The following generation flags are not valid and may be ignored: ['temperature', 'top_p', 'top_k']. Set `TRANSFORMERS_VERBOSITY=info` for more details.
The following generation flags are not valid and may be ignored: ['temperature', 'top_p', 'top_k']. Set `TRANSFORMERS_VERBOSITY=info` for more details.
The following generation flags are not valid and may be ignored: ['temperature', 'top_p', 'top_k']. Set `TRANSFORMERS_VERBOSITY=info` for more details.
The following generation flags are not valid and may be ignored: ['temperature', 'top_p', 'top_k']. Set `TRANSFORMERS_VERBOSITY=info` for more details.
The following generation flags are not valid and may be ignored: ['temperature', 'top_p', 'top_k']. Set `TRANSFORMERS_VERBOSITY=info` for more details.
The following generation flags are not valid and may be ignored: ['temperature', 'top_p', 'top_k']. Set `TRANSFORMERS_VERBOSITY=info` for more details.
The following generation flags are not valid and may be ignored: ['temperature', 'top_p', 'top_k']. Set `TRANSFORMERS_VERBOSITY=info` for more details.
The following generation flags are not valid and may be ignored: ['temperature', 'top_p', 'top_k']. Set `TRANSFORMERS_VERBOSITY=info` for more details.
The following generation flags are not valid and may be ignored: ['temperature', 'top_p', 'top_k']. Set `TRANSFORMERS_VERBOSITY=info` for more details.
The following generation flags are not valid and may be ignored: ['temperature', 'top_p', 'top_k']. Set `TRANSFORMERS_VERBOSITY=info` for more details.
The following generation flags are not valid and may be ignored: ['temperature', 'top_p', 'top_k']. Set `TRANSFORMERS_VERBOSITY=info` for more details.
The following generation flags are not valid and may be ignored: ['temperature', 'top_p', 'top_k']. Set `TRANSFORMERS_VERBOSITY=info` for more details.
The following generation flags are not valid and may be ignored: ['temperature', 'top_p', 'top_k']. Set `TRANSFORMERS_VERBOSITY=info` for more details.
The following generation flags are not valid and may be ignored: ['temperature', 'top_p', 'top_k']. Set `TRANSFORMERS_VERBOSITY=info` for more details.
The following generation flags are not valid and may be ignored: ['temperature', 'top_p', 'top_k']. Set `TRANSFORMERS_VERBOSITY=info` for more details.
The following generation flags are not valid and may be ignored: ['temperature', 'top_p', 'top_k']. Set `TRANSFORMERS_VERBOSITY=info` for more details.
The following generation flags are not valid and may be ignored: ['temperature', 'top_p', 'top_k']. Set `TRANSFORMERS_VERBOSITY=info` for more details.
The following generation flags are not valid and may be ignored: ['temperature', 'top_p', 'top_k']. Set `TRANSFORMERS_VERBOSITY=info` for more details.
The following generation flags are not valid and may be ignored: ['temperature', 'top_p', 'top_k']. Set `TRANSFORMERS_VERBOSITY=info` for more details.
The following generation flags are not valid and may be ignored: ['temperature', 'top_p', 'top_k']. Set `TRANSFORMERS_VERBOSITY=info` for more details.
The following generation flags are not valid and may be ignored: ['temperature', 'top_p', 'top_k']. Set `TRANSFORMERS_VERBOSITY=info` for more details.
The following generation flags are not valid and may be ignored: ['temperature', 'top_p', 'top_k']. Set `TRANSFORMERS_VERBOSITY=info` for more details.
The following generation flags are not valid and may be ignored: ['temperature', 'top_p', 'top_k']. Set `TRANSFORMERS_VERBOSITY=info` for more details.
The following generation flags are not valid and may be ignored: ['temperature', 'top_p', 'top_k']. Set `TRANSFORMERS_VERBOSITY=info` for more details.
[LayerSplit] Model has 28 layers, split='mid' → layers 7..20 (14 layers)
[Load] float16 on single GPU (cuda:0)
[ZH-Filter] kept 10/20 probes (Δlogp > 0.5). Kept indices: [1, 2, 3, 4, 7, 8, 10, 15, 17, 18]
[Gate] EN baseline acc=90.0% (2 failed: [1, 3]) → WARN (continuing)
[Gate] ZH baseline acc=100.0% (0 failed: []) → PASS
[Stream] Incremental log -> /mnt/e/grow/glogic_b4/test/github/results_v8/Qwen3-0.6B_mid/stream.jsonl

############################################################
  REPEAT 1/1 (seed=42)
############################################################

==================================================
  CONDITION: baseline (seed=42)
==================================================
  EN acc=90.0% ppl=71.68
  ZH acc=100.0% ppl=204.54
  EN gen_ppl=1.79
  ZH gen_ppl=2.37

==================================================
  CONDITION: uniform_causal (seed=42)
==================================================
[Intervention] Registered 14 hooks on layers [7, 8, 9, 10, 11, 12, 13, 14, 15, 16, 17, 18, 19, 20], mode=uniform_causal
[Verify] All hooks fired. Total calls: 9100, per-layer: {7: 650, 8: 650, 9: 650, 10: 650, 11: 650, 12: 650, 13: 650, 14: 650, 15: 650, 16: 650, 17: 650, 18: 650, 19: 650, 20: 650}
  EN acc=90.0% ppl=1069.29
  ZH acc=90.0% ppl=538.07
  EN gen_ppl=1.49
  ZH gen_ppl=1.25

==================================================
  CONDITION: uniform_global (seed=42)
==================================================
[Intervention] Registered 14 hooks on layers [7, 8, 9, 10, 11, 12, 13, 14, 15, 16, 17, 18, 19, 20], mode=uniform_global
[Verify] All hooks fired. Total calls: 9100, per-layer: {7: 650, 8: 650, 9: 650, 10: 650, 11: 650, 12: 650, 13: 650, 14: 650, 15: 650, 16: 650, 17: 650, 18: 650, 19: 650, 20: 650}
  EN acc=90.0% ppl=708.62
  ZH acc=90.0% ppl=2539.90
  EN gen_ppl=1.52
  ZH gen_ppl=1.61

==================================================
  CONDITION: shuffle_rows (seed=42)
==================================================
[Intervention] Registered 14 hooks on layers [7, 8, 9, 10, 11, 12, 13, 14, 15, 16, 17, 18, 19, 20], mode=shuffle_rows
[Verify] All hooks fired. Total calls: 9100, per-layer: {7: 650, 8: 650, 9: 650, 10: 650, 11: 650, 12: 650, 13: 650, 14: 650, 15: 650, 16: 650, 17: 650, 18: 650, 19: 650, 20: 650}
  EN acc=85.0% ppl=235.96
  ZH acc=90.0% ppl=668.05
  EN gen_ppl=77.22
  ZH gen_ppl=88.13

Saved -> /mnt/e/grow/glogic_b4/test/github/results_v8/Qwen3-0.6B_mid/intervention_results.json
[2026-09-06 17:47:59] ✅ DONE Qwen3-0.6B_mid in 121s
[2026-09-06 17:47:59] ━━━━━━━━━━━━━━━━━━━━━━━━━━━━━━━━━━━━━━━━
[2026-09-06 17:47:59] ▶ START Qwen3-0.6B [late]  modes=baseline,uniform_causal,uniform_global,shuffle_rows repeats=1
[2026-09-06 17:47:59] ━━━━━━━━━━━━━━━━━━━━━━━━━━━━━━━━━━━━━━━━
Skipping import of cpp extensions due to incompatible torch version. Please upgrade to torch >= 2.11.0 (found 2.10.0+cu128).
The following generation flags are not valid and may be ignored: ['temperature', 'top_p', 'top_k']. Set `TRANSFORMERS_VERBOSITY=info` for more details.
The following generation flags are not valid and may be ignored: ['temperature', 'top_p', 'top_k']. Set `TRANSFORMERS_VERBOSITY=info` for more details.
The following generation flags are not valid and may be ignored: ['temperature', 'top_p', 'top_k']. Set `TRANSFORMERS_VERBOSITY=info` for more details.
The following generation flags are not valid and may be ignored: ['temperature', 'top_p', 'top_k']. Set `TRANSFORMERS_VERBOSITY=info` for more details.
The following generation flags are not valid and may be ignored: ['temperature', 'top_p', 'top_k']. Set `TRANSFORMERS_VERBOSITY=info` for more details.
The following generation flags are not valid and may be ignored: ['temperature', 'top_p', 'top_k']. Set `TRANSFORMERS_VERBOSITY=info` for more details.
The following generation flags are not valid and may be ignored: ['temperature', 'top_p', 'top_k']. Set `TRANSFORMERS_VERBOSITY=info` for more details.
The following generation flags are not valid and may be ignored: ['temperature', 'top_p', 'top_k']. Set `TRANSFORMERS_VERBOSITY=info` for more details.
The following generation flags are not valid and may be ignored: ['temperature', 'top_p', 'top_k']. Set `TRANSFORMERS_VERBOSITY=info` for more details.
The following generation flags are not valid and may be ignored: ['temperature', 'top_p', 'top_k']. Set `TRANSFORMERS_VERBOSITY=info` for more details.
The following generation flags are not valid and may be ignored: ['temperature', 'top_p', 'top_k']. Set `TRANSFORMERS_VERBOSITY=info` for more details.
The following generation flags are not valid and may be ignored: ['temperature', 'top_p', 'top_k']. Set `TRANSFORMERS_VERBOSITY=info` for more details.
The following generation flags are not valid and may be ignored: ['temperature', 'top_p', 'top_k']. Set `TRANSFORMERS_VERBOSITY=info` for more details.
The following generation flags are not valid and may be ignored: ['temperature', 'top_p', 'top_k']. Set `TRANSFORMERS_VERBOSITY=info` for more details.
The following generation flags are not valid and may be ignored: ['temperature', 'top_p', 'top_k']. Set `TRANSFORMERS_VERBOSITY=info` for more details.
The following generation flags are not valid and may be ignored: ['temperature', 'top_p', 'top_k']. Set `TRANSFORMERS_VERBOSITY=info` for more details.
The following generation flags are not valid and may be ignored: ['temperature', 'top_p', 'top_k']. Set `TRANSFORMERS_VERBOSITY=info` for more details.
The following generation flags are not valid and may be ignored: ['temperature', 'top_p', 'top_k']. Set `TRANSFORMERS_VERBOSITY=info` for more details.
The following generation flags are not valid and may be ignored: ['temperature', 'top_p', 'top_k']. Set `TRANSFORMERS_VERBOSITY=info` for more details.
The following generation flags are not valid and may be ignored: ['temperature', 'top_p', 'top_k']. Set `TRANSFORMERS_VERBOSITY=info` for more details.
The following generation flags are not valid and may be ignored: ['temperature', 'top_p', 'top_k']. Set `TRANSFORMERS_VERBOSITY=info` for more details.
The following generation flags are not valid and may be ignored: ['temperature', 'top_p', 'top_k']. Set `TRANSFORMERS_VERBOSITY=info` for more details.
The following generation flags are not valid and may be ignored: ['temperature', 'top_p', 'top_k']. Set `TRANSFORMERS_VERBOSITY=info` for more details.
The following generation flags are not valid and may be ignored: ['temperature', 'top_p', 'top_k']. Set `TRANSFORMERS_VERBOSITY=info` for more details.
The following generation flags are not valid and may be ignored: ['temperature', 'top_p', 'top_k']. Set `TRANSFORMERS_VERBOSITY=info` for more details.
The following generation flags are not valid and may be ignored: ['temperature', 'top_p', 'top_k']. Set `TRANSFORMERS_VERBOSITY=info` for more details.
The following generation flags are not valid and may be ignored: ['temperature', 'top_p', 'top_k']. Set `TRANSFORMERS_VERBOSITY=info` for more details.
The following generation flags are not valid and may be ignored: ['temperature', 'top_p', 'top_k']. Set `TRANSFORMERS_VERBOSITY=info` for more details.
The following generation flags are not valid and may be ignored: ['temperature', 'top_p', 'top_k']. Set `TRANSFORMERS_VERBOSITY=info` for more details.
The following generation flags are not valid and may be ignored: ['temperature', 'top_p', 'top_k']. Set `TRANSFORMERS_VERBOSITY=info` for more details.
The following generation flags are not valid and may be ignored: ['temperature', 'top_p', 'top_k']. Set `TRANSFORMERS_VERBOSITY=info` for more details.
The following generation flags are not valid and may be ignored: ['temperature', 'top_p', 'top_k']. Set `TRANSFORMERS_VERBOSITY=info` for more details.
The following generation flags are not valid and may be ignored: ['temperature', 'top_p', 'top_k']. Set `TRANSFORMERS_VERBOSITY=info` for more details.
The following generation flags are not valid and may be ignored: ['temperature', 'top_p', 'top_k']. Set `TRANSFORMERS_VERBOSITY=info` for more details.
The following generation flags are not valid and may be ignored: ['temperature', 'top_p', 'top_k']. Set `TRANSFORMERS_VERBOSITY=info` for more details.
The following generation flags are not valid and may be ignored: ['temperature', 'top_p', 'top_k']. Set `TRANSFORMERS_VERBOSITY=info` for more details.
The following generation flags are not valid and may be ignored: ['temperature', 'top_p', 'top_k']. Set `TRANSFORMERS_VERBOSITY=info` for more details.
The following generation flags are not valid and may be ignored: ['temperature', 'top_p', 'top_k']. Set `TRANSFORMERS_VERBOSITY=info` for more details.
The following generation flags are not valid and may be ignored: ['temperature', 'top_p', 'top_k']. Set `TRANSFORMERS_VERBOSITY=info` for more details.
The following generation flags are not valid and may be ignored: ['temperature', 'top_p', 'top_k']. Set `TRANSFORMERS_VERBOSITY=info` for more details.
[LayerSplit] Model has 28 layers, split='late' → layers 21..27 (7 layers)
[Load] float16 on single GPU (cuda:0)
[ZH-Filter] kept 10/20 probes (Δlogp > 0.5). Kept indices: [1, 2, 3, 4, 7, 8, 10, 15, 17, 18]
[Gate] EN baseline acc=90.0% (2 failed: [1, 3]) → WARN (continuing)
[Gate] ZH baseline acc=100.0% (0 failed: []) → PASS
[Stream] Incremental log -> /mnt/e/grow/glogic_b4/test/github/results_v8/Qwen3-0.6B_late/stream.jsonl

############################################################
  REPEAT 1/1 (seed=42)
############################################################

==================================================
  CONDITION: baseline (seed=42)
==================================================
  EN acc=90.0% ppl=71.68
  ZH acc=100.0% ppl=204.54
  EN gen_ppl=1.79
  ZH gen_ppl=2.37

==================================================
  CONDITION: uniform_causal (seed=42)
==================================================
[Intervention] Registered 7 hooks on layers [21, 22, 23, 24, 25, 26, 27], mode=uniform_causal
[Verify] All hooks fired. Total calls: 4550, per-layer: {21: 650, 22: 650, 23: 650, 24: 650, 25: 650, 26: 650, 27: 650}
  EN acc=90.0% ppl=279.31
  ZH acc=100.0% ppl=498.45
  EN gen_ppl=327.87
  ZH gen_ppl=11.87

==================================================
  CONDITION: uniform_global (seed=42)
==================================================
[Intervention] Registered 7 hooks on layers [21, 22, 23, 24, 25, 26, 27], mode=uniform_global
[Verify] All hooks fired. Total calls: 4550, per-layer: {21: 650, 22: 650, 23: 650, 24: 650, 25: 650, 26: 650, 27: 650}
  EN acc=90.0% ppl=53.59
  ZH acc=100.0% ppl=81.92
  EN gen_ppl=13.33
  ZH gen_ppl=6.51

==================================================
  CONDITION: shuffle_rows (seed=42)
==================================================
[Intervention] Registered 7 hooks on layers [21, 22, 23, 24, 25, 26, 27], mode=shuffle_rows
[Verify] All hooks fired. Total calls: 4550, per-layer: {21: 650, 22: 650, 23: 650, 24: 650, 25: 650, 26: 650, 27: 650}
  EN acc=90.0% ppl=60.23
  ZH acc=100.0% ppl=165.03
  EN gen_ppl=4.14
  ZH gen_ppl=5.43

Saved -> /mnt/e/grow/glogic_b4/test/github/results_v8/Qwen3-0.6B_late/intervention_results.json
[2026-09-06 17:49:57] ✅ DONE Qwen3-0.6B_late in 118s
[2026-09-06 17:49:57] ━━━━━━━━━━━━━━━━━━━━━━━━━━━━━━━━━━━━━━━━
[2026-09-06 17:49:57] ▶ START Qwen3-1.7B [early]  modes=baseline,uniform_causal,uniform_global,shuffle_rows repeats=1
[2026-09-06 17:49:57] ━━━━━━━━━━━━━━━━━━━━━━━━━━━━━━━━━━━━━━━━
Skipping import of cpp extensions due to incompatible torch version. Please upgrade to torch >= 2.11.0 (found 2.10.0+cu128).
[LayerSplit] Model has 28 layers, split='early' → layers 0..6 (7 layers)
Loading checkpoint shards:   0%|          | 0/2 [00:00<?, ?it/s]Loading checkpoint shards:  50%|█████     | 1/2 [00:32<00:32, 32.63s/it]Loading checkpoint shards: 100%|██████████| 2/2 [00:37<00:00, 16.14s/it]Loading checkpoint shards: 100%|██████████| 2/2 [00:37<00:00, 18.62s/it]
The following generation flags are not valid and may be ignored: ['temperature', 'top_p', 'top_k']. Set `TRANSFORMERS_VERBOSITY=info` for more details.
The following generation flags are not valid and may be ignored: ['temperature', 'top_p', 'top_k']. Set `TRANSFORMERS_VERBOSITY=info` for more details.
The following generation flags are not valid and may be ignored: ['temperature', 'top_p', 'top_k']. Set `TRANSFORMERS_VERBOSITY=info` for more details.
The following generation flags are not valid and may be ignored: ['temperature', 'top_p', 'top_k']. Set `TRANSFORMERS_VERBOSITY=info` for more details.
The following generation flags are not valid and may be ignored: ['temperature', 'top_p', 'top_k']. Set `TRANSFORMERS_VERBOSITY=info` for more details.
The following generation flags are not valid and may be ignored: ['temperature', 'top_p', 'top_k']. Set `TRANSFORMERS_VERBOSITY=info` for more details.
The following generation flags are not valid and may be ignored: ['temperature', 'top_p', 'top_k']. Set `TRANSFORMERS_VERBOSITY=info` for more details.
The following generation flags are not valid and may be ignored: ['temperature', 'top_p', 'top_k']. Set `TRANSFORMERS_VERBOSITY=info` for more details.
The following generation flags are not valid and may be ignored: ['temperature', 'top_p', 'top_k']. Set `TRANSFORMERS_VERBOSITY=info` for more details.
The following generation flags are not valid and may be ignored: ['temperature', 'top_p', 'top_k']. Set `TRANSFORMERS_VERBOSITY=info` for more details.
The following generation flags are not valid and may be ignored: ['temperature', 'top_p', 'top_k']. Set `TRANSFORMERS_VERBOSITY=info` for more details.
The following generation flags are not valid and may be ignored: ['temperature', 'top_p', 'top_k']. Set `TRANSFORMERS_VERBOSITY=info` for more details.
The following generation flags are not valid and may be ignored: ['temperature', 'top_p', 'top_k']. Set `TRANSFORMERS_VERBOSITY=info` for more details.
The following generation flags are not valid and may be ignored: ['temperature', 'top_p', 'top_k']. Set `TRANSFORMERS_VERBOSITY=info` for more details.
The following generation flags are not valid and may be ignored: ['temperature', 'top_p', 'top_k']. Set `TRANSFORMERS_VERBOSITY=info` for more details.
The following generation flags are not valid and may be ignored: ['temperature', 'top_p', 'top_k']. Set `TRANSFORMERS_VERBOSITY=info` for more details.
The following generation flags are not valid and may be ignored: ['temperature', 'top_p', 'top_k']. Set `TRANSFORMERS_VERBOSITY=info` for more details.
The following generation flags are not valid and may be ignored: ['temperature', 'top_p', 'top_k']. Set `TRANSFORMERS_VERBOSITY=info` for more details.
The following generation flags are not valid and may be ignored: ['temperature', 'top_p', 'top_k']. Set `TRANSFORMERS_VERBOSITY=info` for more details.
The following generation flags are not valid and may be ignored: ['temperature', 'top_p', 'top_k']. Set `TRANSFORMERS_VERBOSITY=info` for more details.
The following generation flags are not valid and may be ignored: ['temperature', 'top_p', 'top_k']. Set `TRANSFORMERS_VERBOSITY=info` for more details.
The following generation flags are not valid and may be ignored: ['temperature', 'top_p', 'top_k']. Set `TRANSFORMERS_VERBOSITY=info` for more details.
The following generation flags are not valid and may be ignored: ['temperature', 'top_p', 'top_k']. Set `TRANSFORMERS_VERBOSITY=info` for more details.
The following generation flags are not valid and may be ignored: ['temperature', 'top_p', 'top_k']. Set `TRANSFORMERS_VERBOSITY=info` for more details.
The following generation flags are not valid and may be ignored: ['temperature', 'top_p', 'top_k']. Set `TRANSFORMERS_VERBOSITY=info` for more details.
The following generation flags are not valid and may be ignored: ['temperature', 'top_p', 'top_k']. Set `TRANSFORMERS_VERBOSITY=info` for more details.
The following generation flags are not valid and may be ignored: ['temperature', 'top_p', 'top_k']. Set `TRANSFORMERS_VERBOSITY=info` for more details.
The following generation flags are not valid and may be ignored: ['temperature', 'top_p', 'top_k']. Set `TRANSFORMERS_VERBOSITY=info` for more details.
The following generation flags are not valid and may be ignored: ['temperature', 'top_p', 'top_k']. Set `TRANSFORMERS_VERBOSITY=info` for more details.
The following generation flags are not valid and may be ignored: ['temperature', 'top_p', 'top_k']. Set `TRANSFORMERS_VERBOSITY=info` for more details.
The following generation flags are not valid and may be ignored: ['temperature', 'top_p', 'top_k']. Set `TRANSFORMERS_VERBOSITY=info` for more details.
The following generation flags are not valid and may be ignored: ['temperature', 'top_p', 'top_k']. Set `TRANSFORMERS_VERBOSITY=info` for more details.
The following generation flags are not valid and may be ignored: ['temperature', 'top_p', 'top_k']. Set `TRANSFORMERS_VERBOSITY=info` for more details.
The following generation flags are not valid and may be ignored: ['temperature', 'top_p', 'top_k']. Set `TRANSFORMERS_VERBOSITY=info` for more details.
The following generation flags are not valid and may be ignored: ['temperature', 'top_p', 'top_k']. Set `TRANSFORMERS_VERBOSITY=info` for more details.
The following generation flags are not valid and may be ignored: ['temperature', 'top_p', 'top_k']. Set `TRANSFORMERS_VERBOSITY=info` for more details.
The following generation flags are not valid and may be ignored: ['temperature', 'top_p', 'top_k']. Set `TRANSFORMERS_VERBOSITY=info` for more details.
The following generation flags are not valid and may be ignored: ['temperature', 'top_p', 'top_k']. Set `TRANSFORMERS_VERBOSITY=info` for more details.
The following generation flags are not valid and may be ignored: ['temperature', 'top_p', 'top_k']. Set `TRANSFORMERS_VERBOSITY=info` for more details.
The following generation flags are not valid and may be ignored: ['temperature', 'top_p', 'top_k']. Set `TRANSFORMERS_VERBOSITY=info` for more details.
[Load] float16 on single GPU (cuda:0)
[ZH-Filter] kept 10/20 probes (Δlogp > 0.5). Kept indices: [1, 3, 4, 6, 7, 9, 10, 15, 17, 18]
[Gate] EN baseline acc=90.0% (2 failed: [1, 3]) → WARN (continuing)
[Gate] ZH baseline acc=100.0% (0 failed: []) → PASS
[Stream] Incremental log -> /mnt/e/grow/glogic_b4/test/github/results_v8/Qwen3-1.7B_early/stream.jsonl

############################################################
  REPEAT 1/1 (seed=42)
############################################################

==================================================
  CONDITION: baseline (seed=42)
==================================================
  EN acc=90.0% ppl=27.98
  ZH acc=100.0% ppl=72.32
  EN gen_ppl=1.58
  ZH gen_ppl=1.63

==================================================
  CONDITION: uniform_causal (seed=42)
==================================================
[Intervention] Registered 7 hooks on layers [0, 1, 2, 3, 4, 5, 6], mode=uniform_causal
[Verify] All hooks fired. Total calls: 4550, per-layer: {0: 650, 1: 650, 2: 650, 3: 650, 4: 650, 5: 650, 6: 650}
  EN acc=85.0% ppl=229002.01
  ZH acc=90.0% ppl=89443.72
  EN gen_ppl=18.53
  ZH gen_ppl=26.30

==================================================
  CONDITION: uniform_global (seed=42)
==================================================
[Intervention] Registered 7 hooks on layers [0, 1, 2, 3, 4, 5, 6], mode=uniform_global
[Verify] All hooks fired. Total calls: 4550, per-layer: {0: 650, 1: 650, 2: 650, 3: 650, 4: 650, 5: 650, 6: 650}
  EN acc=90.0% ppl=281023.67
  ZH acc=90.0% ppl=3270734.22
  EN gen_ppl=10.17
  ZH gen_ppl=9.14

==================================================
  CONDITION: shuffle_rows (seed=42)
==================================================
[Intervention] Registered 7 hooks on layers [0, 1, 2, 3, 4, 5, 6], mode=shuffle_rows
[Verify] All hooks fired. Total calls: 4550, per-layer: {0: 650, 1: 650, 2: 650, 3: 650, 4: 650, 5: 650, 6: 650}
  EN acc=85.0% ppl=2153174.71
  ZH acc=90.0% ppl=352842.44
  EN gen_ppl=1856.60
  ZH gen_ppl=1590.52

Saved -> /mnt/e/grow/glogic_b4/test/github/results_v8/Qwen3-1.7B_early/intervention_results.json
[2026-09-06 17:52:31] ✅ DONE Qwen3-1.7B_early in 154s
[2026-09-06 17:52:31] ━━━━━━━━━━━━━━━━━━━━━━━━━━━━━━━━━━━━━━━━
[2026-09-06 17:52:31] ▶ START Qwen3-1.7B [early]_shuffvar  modes=shuffle_rows repeats=3
[2026-09-06 17:52:31] ━━━━━━━━━━━━━━━━━━━━━━━━━━━━━━━━━━━━━━━━
Skipping import of cpp extensions due to incompatible torch version. Please upgrade to torch >= 2.11.0 (found 2.10.0+cu128).
[LayerSplit] Model has 28 layers, split='early' → layers 0..6 (7 layers)
Loading checkpoint shards:   0%|          | 0/2 [00:00<?, ?it/s]Loading checkpoint shards:  50%|█████     | 1/2 [00:15<00:15, 15.72s/it]Loading checkpoint shards: 100%|██████████| 2/2 [00:18<00:00,  8.10s/it]Loading checkpoint shards: 100%|██████████| 2/2 [00:18<00:00,  9.24s/it]
[Load] float16 on single GPU (cuda:0)
[ZH-Filter] kept 10/20 probes (Δlogp > 0.5). Kept indices: [1, 3, 4, 6, 7, 9, 10, 15, 17, 18]
[Gate] EN baseline acc=90.0% (2 failed: [1, 3]) → WARN (continuing)
[Gate] ZH baseline acc=100.0% (0 failed: []) → PASS
[Stream] Incremental log -> /mnt/e/grow/glogic_b4/test/github/results_v8/Qwen3-1.7B_early_shuffvar/stream.jsonl

############################################################
  REPEAT 1/3 (seed=42)
############################################################

==================================================
  CONDITION: shuffle_rows (seed=42)
==================================================
[Intervention] Registered 7 hooks on layers [0, 1, 2, 3, 4, 5, 6], mode=shuffle_rows
[Verify] All hooks fired. Total calls: 280, per-layer: {0: 40, 1: 40, 2: 40, 3: 40, 4: 40, 5: 40, 6: 40}
  EN acc=85.0% ppl=2153174.71
  ZH acc=90.0% ppl=352842.44

############################################################
  REPEAT 2/3 (seed=43)
############################################################

==================================================
  CONDITION: shuffle_rows (seed=43)
==================================================
[Intervention] Registered 7 hooks on layers [0, 1, 2, 3, 4, 5, 6], mode=shuffle_rows
[Verify] All hooks fired. Total calls: 280, per-layer: {0: 40, 1: 40, 2: 40, 3: 40, 4: 40, 5: 40, 6: 40}
  EN acc=85.0% ppl=22339.19
  ZH acc=90.0% ppl=327123.97

############################################################
  REPEAT 3/3 (seed=44)
############################################################

==================================================
  CONDITION: shuffle_rows (seed=44)
==================================================
[Intervention] Registered 7 hooks on layers [0, 1, 2, 3, 4, 5, 6], mode=shuffle_rows
[Verify] All hooks fired. Total calls: 280, per-layer: {0: 40, 1: 40, 2: 40, 3: 40, 4: 40, 5: 40, 6: 40}
  EN acc=85.0% ppl=54199.80
  ZH acc=90.0% ppl=64363.50

============================================================
SUMMARY (mean ± std across repeats)
============================================================
  shuffle_rows         | EN acc=85.0±0.0% ZH acc=90.0±0.0%

Saved -> /mnt/e/grow/glogic_b4/test/github/results_v8/Qwen3-1.7B_early_shuffvar/intervention_results.json
[2026-09-06 17:53:03] ✅ DONE Qwen3-1.7B_early_shuffvar in 32s
[2026-09-06 17:53:03] ━━━━━━━━━━━━━━━━━━━━━━━━━━━━━━━━━━━━━━━━
[2026-09-06 17:53:03] ▶ START Qwen3-1.7B [mid]  modes=baseline,uniform_causal,uniform_global,shuffle_rows repeats=1
[2026-09-06 17:53:03] ━━━━━━━━━━━━━━━━━━━━━━━━━━━━━━━━━━━━━━━━
Skipping import of cpp extensions due to incompatible torch version. Please upgrade to torch >= 2.11.0 (found 2.10.0+cu128).
[LayerSplit] Model has 28 layers, split='mid' → layers 7..20 (14 layers)
Loading checkpoint shards:   0%|          | 0/2 [00:00<?, ?it/s]Loading checkpoint shards:  50%|█████     | 1/2 [00:16<00:16, 16.13s/it]Loading checkpoint shards: 100%|██████████| 2/2 [00:18<00:00,  8.04s/it]Loading checkpoint shards: 100%|██████████| 2/2 [00:18<00:00,  9.26s/it]
The following generation flags are not valid and may be ignored: ['temperature', 'top_p', 'top_k']. Set `TRANSFORMERS_VERBOSITY=info` for more details.
The following generation flags are not valid and may be ignored: ['temperature', 'top_p', 'top_k']. Set `TRANSFORMERS_VERBOSITY=info` for more details.
The following generation flags are not valid and may be ignored: ['temperature', 'top_p', 'top_k']. Set `TRANSFORMERS_VERBOSITY=info` for more details.
The following generation flags are not valid and may be ignored: ['temperature', 'top_p', 'top_k']. Set `TRANSFORMERS_VERBOSITY=info` for more details.
The following generation flags are not valid and may be ignored: ['temperature', 'top_p', 'top_k']. Set `TRANSFORMERS_VERBOSITY=info` for more details.
The following generation flags are not valid and may be ignored: ['temperature', 'top_p', 'top_k']. Set `TRANSFORMERS_VERBOSITY=info` for more details.
The following generation flags are not valid and may be ignored: ['temperature', 'top_p', 'top_k']. Set `TRANSFORMERS_VERBOSITY=info` for more details.
The following generation flags are not valid and may be ignored: ['temperature', 'top_p', 'top_k']. Set `TRANSFORMERS_VERBOSITY=info` for more details.
The following generation flags are not valid and may be ignored: ['temperature', 'top_p', 'top_k']. Set `TRANSFORMERS_VERBOSITY=info` for more details.
The following generation flags are not valid and may be ignored: ['temperature', 'top_p', 'top_k']. Set `TRANSFORMERS_VERBOSITY=info` for more details.
The following generation flags are not valid and may be ignored: ['temperature', 'top_p', 'top_k']. Set `TRANSFORMERS_VERBOSITY=info` for more details.
The following generation flags are not valid and may be ignored: ['temperature', 'top_p', 'top_k']. Set `TRANSFORMERS_VERBOSITY=info` for more details.
The following generation flags are not valid and may be ignored: ['temperature', 'top_p', 'top_k']. Set `TRANSFORMERS_VERBOSITY=info` for more details.
The following generation flags are not valid and may be ignored: ['temperature', 'top_p', 'top_k']. Set `TRANSFORMERS_VERBOSITY=info` for more details.
The following generation flags are not valid and may be ignored: ['temperature', 'top_p', 'top_k']. Set `TRANSFORMERS_VERBOSITY=info` for more details.
The following generation flags are not valid and may be ignored: ['temperature', 'top_p', 'top_k']. Set `TRANSFORMERS_VERBOSITY=info` for more details.
The following generation flags are not valid and may be ignored: ['temperature', 'top_p', 'top_k']. Set `TRANSFORMERS_VERBOSITY=info` for more details.
The following generation flags are not valid and may be ignored: ['temperature', 'top_p', 'top_k']. Set `TRANSFORMERS_VERBOSITY=info` for more details.
The following generation flags are not valid and may be ignored: ['temperature', 'top_p', 'top_k']. Set `TRANSFORMERS_VERBOSITY=info` for more details.
The following generation flags are not valid and may be ignored: ['temperature', 'top_p', 'top_k']. Set `TRANSFORMERS_VERBOSITY=info` for more details.
The following generation flags are not valid and may be ignored: ['temperature', 'top_p', 'top_k']. Set `TRANSFORMERS_VERBOSITY=info` for more details.
The following generation flags are not valid and may be ignored: ['temperature', 'top_p', 'top_k']. Set `TRANSFORMERS_VERBOSITY=info` for more details.
The following generation flags are not valid and may be ignored: ['temperature', 'top_p', 'top_k']. Set `TRANSFORMERS_VERBOSITY=info` for more details.
The following generation flags are not valid and may be ignored: ['temperature', 'top_p', 'top_k']. Set `TRANSFORMERS_VERBOSITY=info` for more details.
The following generation flags are not valid and may be ignored: ['temperature', 'top_p', 'top_k']. Set `TRANSFORMERS_VERBOSITY=info` for more details.
The following generation flags are not valid and may be ignored: ['temperature', 'top_p', 'top_k']. Set `TRANSFORMERS_VERBOSITY=info` for more details.
The following generation flags are not valid and may be ignored: ['temperature', 'top_p', 'top_k']. Set `TRANSFORMERS_VERBOSITY=info` for more details.
The following generation flags are not valid and may be ignored: ['temperature', 'top_p', 'top_k']. Set `TRANSFORMERS_VERBOSITY=info` for more details.
The following generation flags are not valid and may be ignored: ['temperature', 'top_p', 'top_k']. Set `TRANSFORMERS_VERBOSITY=info` for more details.
The following generation flags are not valid and may be ignored: ['temperature', 'top_p', 'top_k']. Set `TRANSFORMERS_VERBOSITY=info` for more details.
The following generation flags are not valid and may be ignored: ['temperature', 'top_p', 'top_k']. Set `TRANSFORMERS_VERBOSITY=info` for more details.
The following generation flags are not valid and may be ignored: ['temperature', 'top_p', 'top_k']. Set `TRANSFORMERS_VERBOSITY=info` for more details.
The following generation flags are not valid and may be ignored: ['temperature', 'top_p', 'top_k']. Set `TRANSFORMERS_VERBOSITY=info` for more details.
The following generation flags are not valid and may be ignored: ['temperature', 'top_p', 'top_k']. Set `TRANSFORMERS_VERBOSITY=info` for more details.
The following generation flags are not valid and may be ignored: ['temperature', 'top_p', 'top_k']. Set `TRANSFORMERS_VERBOSITY=info` for more details.
The following generation flags are not valid and may be ignored: ['temperature', 'top_p', 'top_k']. Set `TRANSFORMERS_VERBOSITY=info` for more details.
The following generation flags are not valid and may be ignored: ['temperature', 'top_p', 'top_k']. Set `TRANSFORMERS_VERBOSITY=info` for more details.
The following generation flags are not valid and may be ignored: ['temperature', 'top_p', 'top_k']. Set `TRANSFORMERS_VERBOSITY=info` for more details.
The following generation flags are not valid and may be ignored: ['temperature', 'top_p', 'top_k']. Set `TRANSFORMERS_VERBOSITY=info` for more details.
The following generation flags are not valid and may be ignored: ['temperature', 'top_p', 'top_k']. Set `TRANSFORMERS_VERBOSITY=info` for more details.
[Load] float16 on single GPU (cuda:0)
[ZH-Filter] kept 10/20 probes (Δlogp > 0.5). Kept indices: [1, 3, 4, 6, 7, 9, 10, 15, 17, 18]
[Gate] EN baseline acc=90.0% (2 failed: [1, 3]) → WARN (continuing)
[Gate] ZH baseline acc=100.0% (0 failed: []) → PASS
[Stream] Incremental log -> /mnt/e/grow/glogic_b4/test/github/results_v8/Qwen3-1.7B_mid/stream.jsonl

############################################################
  REPEAT 1/1 (seed=42)
############################################################

==================================================
  CONDITION: baseline (seed=42)
==================================================
  EN acc=90.0% ppl=27.98
  ZH acc=100.0% ppl=72.32
  EN gen_ppl=1.58
  ZH gen_ppl=1.63

==================================================
  CONDITION: uniform_causal (seed=42)
==================================================
[Intervention] Registered 14 hooks on layers [7, 8, 9, 10, 11, 12, 13, 14, 15, 16, 17, 18, 19, 20], mode=uniform_causal
[Verify] All hooks fired. Total calls: 9100, per-layer: {7: 650, 8: 650, 9: 650, 10: 650, 11: 650, 12: 650, 13: 650, 14: 650, 15: 650, 16: 650, 17: 650, 18: 650, 19: 650, 20: 650}
  EN acc=90.0% ppl=215.75
  ZH acc=90.0% ppl=167.00
  EN gen_ppl=1.49
  ZH gen_ppl=1.80

==================================================
  CONDITION: uniform_global (seed=42)
==================================================
[Intervention] Registered 14 hooks on layers [7, 8, 9, 10, 11, 12, 13, 14, 15, 16, 17, 18, 19, 20], mode=uniform_global
[Verify] All hooks fired. Total calls: 9100, per-layer: {7: 650, 8: 650, 9: 650, 10: 650, 11: 650, 12: 650, 13: 650, 14: 650, 15: 650, 16: 650, 17: 650, 18: 650, 19: 650, 20: 650}
  EN acc=85.0% ppl=13.40
  ZH acc=90.0% ppl=31.12
  EN gen_ppl=1.01
  ZH gen_ppl=1.66

==================================================
  CONDITION: shuffle_rows (seed=42)
==================================================
[Intervention] Registered 14 hooks on layers [7, 8, 9, 10, 11, 12, 13, 14, 15, 16, 17, 18, 19, 20], mode=shuffle_rows
[Verify] All hooks fired. Total calls: 9100, per-layer: {7: 650, 8: 650, 9: 650, 10: 650, 11: 650, 12: 650, 13: 650, 14: 650, 15: 650, 16: 650, 17: 650, 18: 650, 19: 650, 20: 650}
  EN acc=85.0% ppl=54.20
  ZH acc=90.0% ppl=103.02
  EN gen_ppl=14.13
  ZH gen_ppl=33.73

Saved -> /mnt/e/grow/glogic_b4/test/github/results_v8/Qwen3-1.7B_mid/intervention_results.json
[2026-09-06 17:55:27] ✅ DONE Qwen3-1.7B_mid in 144s
[2026-09-06 17:55:27] ━━━━━━━━━━━━━━━━━━━━━━━━━━━━━━━━━━━━━━━━
[2026-09-06 17:55:27] ▶ START Qwen3-1.7B [late]  modes=baseline,uniform_causal,uniform_global,shuffle_rows repeats=1
[2026-09-06 17:55:27] ━━━━━━━━━━━━━━━━━━━━━━━━━━━━━━━━━━━━━━━━
Skipping import of cpp extensions due to incompatible torch version. Please upgrade to torch >= 2.11.0 (found 2.10.0+cu128).
[LayerSplit] Model has 28 layers, split='late' → layers 21..27 (7 layers)
Loading checkpoint shards:   0%|          | 0/2 [00:00<?, ?it/s]Loading checkpoint shards:  50%|█████     | 1/2 [00:16<00:16, 16.82s/it]Loading checkpoint shards: 100%|██████████| 2/2 [00:19<00:00,  8.54s/it]Loading checkpoint shards: 100%|██████████| 2/2 [00:19<00:00,  9.79s/it]
The following generation flags are not valid and may be ignored: ['temperature', 'top_p', 'top_k']. Set `TRANSFORMERS_VERBOSITY=info` for more details.
The following generation flags are not valid and may be ignored: ['temperature', 'top_p', 'top_k']. Set `TRANSFORMERS_VERBOSITY=info` for more details.
The following generation flags are not valid and may be ignored: ['temperature', 'top_p', 'top_k']. Set `TRANSFORMERS_VERBOSITY=info` for more details.
The following generation flags are not valid and may be ignored: ['temperature', 'top_p', 'top_k']. Set `TRANSFORMERS_VERBOSITY=info` for more details.
The following generation flags are not valid and may be ignored: ['temperature', 'top_p', 'top_k']. Set `TRANSFORMERS_VERBOSITY=info` for more details.
The following generation flags are not valid and may be ignored: ['temperature', 'top_p', 'top_k']. Set `TRANSFORMERS_VERBOSITY=info` for more details.
The following generation flags are not valid and may be ignored: ['temperature', 'top_p', 'top_k']. Set `TRANSFORMERS_VERBOSITY=info` for more details.
The following generation flags are not valid and may be ignored: ['temperature', 'top_p', 'top_k']. Set `TRANSFORMERS_VERBOSITY=info` for more details.
The following generation flags are not valid and may be ignored: ['temperature', 'top_p', 'top_k']. Set `TRANSFORMERS_VERBOSITY=info` for more details.
The following generation flags are not valid and may be ignored: ['temperature', 'top_p', 'top_k']. Set `TRANSFORMERS_VERBOSITY=info` for more details.
The following generation flags are not valid and may be ignored: ['temperature', 'top_p', 'top_k']. Set `TRANSFORMERS_VERBOSITY=info` for more details.
The following generation flags are not valid and may be ignored: ['temperature', 'top_p', 'top_k']. Set `TRANSFORMERS_VERBOSITY=info` for more details.
The following generation flags are not valid and may be ignored: ['temperature', 'top_p', 'top_k']. Set `TRANSFORMERS_VERBOSITY=info` for more details.
The following generation flags are not valid and may be ignored: ['temperature', 'top_p', 'top_k']. Set `TRANSFORMERS_VERBOSITY=info` for more details.
The following generation flags are not valid and may be ignored: ['temperature', 'top_p', 'top_k']. Set `TRANSFORMERS_VERBOSITY=info` for more details.
The following generation flags are not valid and may be ignored: ['temperature', 'top_p', 'top_k']. Set `TRANSFORMERS_VERBOSITY=info` for more details.
The following generation flags are not valid and may be ignored: ['temperature', 'top_p', 'top_k']. Set `TRANSFORMERS_VERBOSITY=info` for more details.
The following generation flags are not valid and may be ignored: ['temperature', 'top_p', 'top_k']. Set `TRANSFORMERS_VERBOSITY=info` for more details.
The following generation flags are not valid and may be ignored: ['temperature', 'top_p', 'top_k']. Set `TRANSFORMERS_VERBOSITY=info` for more details.
The following generation flags are not valid and may be ignored: ['temperature', 'top_p', 'top_k']. Set `TRANSFORMERS_VERBOSITY=info` for more details.
The following generation flags are not valid and may be ignored: ['temperature', 'top_p', 'top_k']. Set `TRANSFORMERS_VERBOSITY=info` for more details.
The following generation flags are not valid and may be ignored: ['temperature', 'top_p', 'top_k']. Set `TRANSFORMERS_VERBOSITY=info` for more details.
The following generation flags are not valid and may be ignored: ['temperature', 'top_p', 'top_k']. Set `TRANSFORMERS_VERBOSITY=info` for more details.
The following generation flags are not valid and may be ignored: ['temperature', 'top_p', 'top_k']. Set `TRANSFORMERS_VERBOSITY=info` for more details.
The following generation flags are not valid and may be ignored: ['temperature', 'top_p', 'top_k']. Set `TRANSFORMERS_VERBOSITY=info` for more details.
The following generation flags are not valid and may be ignored: ['temperature', 'top_p', 'top_k']. Set `TRANSFORMERS_VERBOSITY=info` for more details.
The following generation flags are not valid and may be ignored: ['temperature', 'top_p', 'top_k']. Set `TRANSFORMERS_VERBOSITY=info` for more details.
The following generation flags are not valid and may be ignored: ['temperature', 'top_p', 'top_k']. Set `TRANSFORMERS_VERBOSITY=info` for more details.
The following generation flags are not valid and may be ignored: ['temperature', 'top_p', 'top_k']. Set `TRANSFORMERS_VERBOSITY=info` for more details.
The following generation flags are not valid and may be ignored: ['temperature', 'top_p', 'top_k']. Set `TRANSFORMERS_VERBOSITY=info` for more details.
The following generation flags are not valid and may be ignored: ['temperature', 'top_p', 'top_k']. Set `TRANSFORMERS_VERBOSITY=info` for more details.
The following generation flags are not valid and may be ignored: ['temperature', 'top_p', 'top_k']. Set `TRANSFORMERS_VERBOSITY=info` for more details.
The following generation flags are not valid and may be ignored: ['temperature', 'top_p', 'top_k']. Set `TRANSFORMERS_VERBOSITY=info` for more details.
The following generation flags are not valid and may be ignored: ['temperature', 'top_p', 'top_k']. Set `TRANSFORMERS_VERBOSITY=info` for more details.
The following generation flags are not valid and may be ignored: ['temperature', 'top_p', 'top_k']. Set `TRANSFORMERS_VERBOSITY=info` for more details.
The following generation flags are not valid and may be ignored: ['temperature', 'top_p', 'top_k']. Set `TRANSFORMERS_VERBOSITY=info` for more details.
The following generation flags are not valid and may be ignored: ['temperature', 'top_p', 'top_k']. Set `TRANSFORMERS_VERBOSITY=info` for more details.
The following generation flags are not valid and may be ignored: ['temperature', 'top_p', 'top_k']. Set `TRANSFORMERS_VERBOSITY=info` for more details.
The following generation flags are not valid and may be ignored: ['temperature', 'top_p', 'top_k']. Set `TRANSFORMERS_VERBOSITY=info` for more details.
The following generation flags are not valid and may be ignored: ['temperature', 'top_p', 'top_k']. Set `TRANSFORMERS_VERBOSITY=info` for more details.
[Load] float16 on single GPU (cuda:0)
[ZH-Filter] kept 10/20 probes (Δlogp > 0.5). Kept indices: [1, 3, 4, 6, 7, 9, 10, 15, 17, 18]
[Gate] EN baseline acc=90.0% (2 failed: [1, 3]) → WARN (continuing)
[Gate] ZH baseline acc=100.0% (0 failed: []) → PASS
[Stream] Incremental log -> /mnt/e/grow/glogic_b4/test/github/results_v8/Qwen3-1.7B_late/stream.jsonl

############################################################
  REPEAT 1/1 (seed=42)
############################################################

==================================================
  CONDITION: baseline (seed=42)
==================================================
  EN acc=90.0% ppl=27.98
  ZH acc=100.0% ppl=72.32
  EN gen_ppl=1.58
  ZH gen_ppl=1.63

==================================================
  CONDITION: uniform_causal (seed=42)
==================================================
[Intervention] Registered 7 hooks on layers [21, 22, 23, 24, 25, 26, 27], mode=uniform_causal
[Verify] All hooks fired. Total calls: 4550, per-layer: {21: 650, 22: 650, 23: 650, 24: 650, 25: 650, 26: 650, 27: 650}
  EN acc=85.0% ppl=55.64
  ZH acc=100.0% ppl=91.51
  EN gen_ppl=2.86
  ZH gen_ppl=7.04

==================================================
  CONDITION: uniform_global (seed=42)
==================================================
[Intervention] Registered 7 hooks on layers [21, 22, 23, 24, 25, 26, 27], mode=uniform_global
[Verify] All hooks fired. Total calls: 4550, per-layer: {21: 650, 22: 650, 23: 650, 24: 650, 25: 650, 26: 650, 27: 650}
  EN acc=85.0% ppl=24.17
  ZH acc=90.0% ppl=19.16
  EN gen_ppl=2.39
  ZH gen_ppl=5.83

==================================================
  CONDITION: shuffle_rows (seed=42)
==================================================
[Intervention] Registered 7 hooks on layers [21, 22, 23, 24, 25, 26, 27], mode=shuffle_rows
[Verify] All hooks fired. Total calls: 4550, per-layer: {21: 650, 22: 650, 23: 650, 24: 650, 25: 650, 26: 650, 27: 650}
  EN acc=90.0% ppl=23.81
  ZH acc=100.0% ppl=50.67
  EN gen_ppl=2.52
  ZH gen_ppl=3.12

Saved -> /mnt/e/grow/glogic_b4/test/github/results_v8/Qwen3-1.7B_late/intervention_results.json
[2026-09-06 17:57:39] ✅ DONE Qwen3-1.7B_late in 132s
[2026-09-06 17:57:39] ━━━━━━━━━━━━━━━━━━━━━━━━━━━━━━━━━━━━━━━━
[2026-09-06 17:57:39] ▶ START Qwen3-4B [early]  modes=baseline,uniform_causal,uniform_global,shuffle_rows repeats=1
[2026-09-06 17:57:39] ━━━━━━━━━━━━━━━━━━━━━━━━━━━━━━━━━━━━━━━━
Skipping import of cpp extensions due to incompatible torch version. Please upgrade to torch >= 2.11.0 (found 2.10.0+cu128).
[LayerSplit] Model has 36 layers, split='early' → layers 0..8 (9 layers)
Loading checkpoint shards:   0%|          | 0/3 [00:00<?, ?it/s]Loading checkpoint shards:  33%|███▎      | 1/3 [00:38<01:17, 38.93s/it]Loading checkpoint shards:  67%|██████▋   | 2/3 [01:16<00:37, 37.88s/it]Loading checkpoint shards: 100%|██████████| 3/3 [01:16<00:00, 20.93s/it]Loading checkpoint shards: 100%|██████████| 3/3 [01:16<00:00, 25.61s/it]
The following generation flags are not valid and may be ignored: ['temperature', 'top_p', 'top_k']. Set `TRANSFORMERS_VERBOSITY=info` for more details.
The following generation flags are not valid and may be ignored: ['temperature', 'top_p', 'top_k']. Set `TRANSFORMERS_VERBOSITY=info` for more details.
The following generation flags are not valid and may be ignored: ['temperature', 'top_p', 'top_k']. Set `TRANSFORMERS_VERBOSITY=info` for more details.
The following generation flags are not valid and may be ignored: ['temperature', 'top_p', 'top_k']. Set `TRANSFORMERS_VERBOSITY=info` for more details.
The following generation flags are not valid and may be ignored: ['temperature', 'top_p', 'top_k']. Set `TRANSFORMERS_VERBOSITY=info` for more details.
The following generation flags are not valid and may be ignored: ['temperature', 'top_p', 'top_k']. Set `TRANSFORMERS_VERBOSITY=info` for more details.
The following generation flags are not valid and may be ignored: ['temperature', 'top_p', 'top_k']. Set `TRANSFORMERS_VERBOSITY=info` for more details.
The following generation flags are not valid and may be ignored: ['temperature', 'top_p', 'top_k']. Set `TRANSFORMERS_VERBOSITY=info` for more details.
The following generation flags are not valid and may be ignored: ['temperature', 'top_p', 'top_k']. Set `TRANSFORMERS_VERBOSITY=info` for more details.
The following generation flags are not valid and may be ignored: ['temperature', 'top_p', 'top_k']. Set `TRANSFORMERS_VERBOSITY=info` for more details.
The following generation flags are not valid and may be ignored: ['temperature', 'top_p', 'top_k']. Set `TRANSFORMERS_VERBOSITY=info` for more details.
The following generation flags are not valid and may be ignored: ['temperature', 'top_p', 'top_k']. Set `TRANSFORMERS_VERBOSITY=info` for more details.
The following generation flags are not valid and may be ignored: ['temperature', 'top_p', 'top_k']. Set `TRANSFORMERS_VERBOSITY=info` for more details.
The following generation flags are not valid and may be ignored: ['temperature', 'top_p', 'top_k']. Set `TRANSFORMERS_VERBOSITY=info` for more details.
The following generation flags are not valid and may be ignored: ['temperature', 'top_p', 'top_k']. Set `TRANSFORMERS_VERBOSITY=info` for more details.
The following generation flags are not valid and may be ignored: ['temperature', 'top_p', 'top_k']. Set `TRANSFORMERS_VERBOSITY=info` for more details.
The following generation flags are not valid and may be ignored: ['temperature', 'top_p', 'top_k']. Set `TRANSFORMERS_VERBOSITY=info` for more details.
The following generation flags are not valid and may be ignored: ['temperature', 'top_p', 'top_k']. Set `TRANSFORMERS_VERBOSITY=info` for more details.
The following generation flags are not valid and may be ignored: ['temperature', 'top_p', 'top_k']. Set `TRANSFORMERS_VERBOSITY=info` for more details.
The following generation flags are not valid and may be ignored: ['temperature', 'top_p', 'top_k']. Set `TRANSFORMERS_VERBOSITY=info` for more details.
The following generation flags are not valid and may be ignored: ['temperature', 'top_p', 'top_k']. Set `TRANSFORMERS_VERBOSITY=info` for more details.
The following generation flags are not valid and may be ignored: ['temperature', 'top_p', 'top_k']. Set `TRANSFORMERS_VERBOSITY=info` for more details.
The following generation flags are not valid and may be ignored: ['temperature', 'top_p', 'top_k']. Set `TRANSFORMERS_VERBOSITY=info` for more details.
The following generation flags are not valid and may be ignored: ['temperature', 'top_p', 'top_k']. Set `TRANSFORMERS_VERBOSITY=info` for more details.
The following generation flags are not valid and may be ignored: ['temperature', 'top_p', 'top_k']. Set `TRANSFORMERS_VERBOSITY=info` for more details.
The following generation flags are not valid and may be ignored: ['temperature', 'top_p', 'top_k']. Set `TRANSFORMERS_VERBOSITY=info` for more details.
The following generation flags are not valid and may be ignored: ['temperature', 'top_p', 'top_k']. Set `TRANSFORMERS_VERBOSITY=info` for more details.
The following generation flags are not valid and may be ignored: ['temperature', 'top_p', 'top_k']. Set `TRANSFORMERS_VERBOSITY=info` for more details.
The following generation flags are not valid and may be ignored: ['temperature', 'top_p', 'top_k']. Set `TRANSFORMERS_VERBOSITY=info` for more details.
The following generation flags are not valid and may be ignored: ['temperature', 'top_p', 'top_k']. Set `TRANSFORMERS_VERBOSITY=info` for more details.
The following generation flags are not valid and may be ignored: ['temperature', 'top_p', 'top_k']. Set `TRANSFORMERS_VERBOSITY=info` for more details.
The following generation flags are not valid and may be ignored: ['temperature', 'top_p', 'top_k']. Set `TRANSFORMERS_VERBOSITY=info` for more details.
The following generation flags are not valid and may be ignored: ['temperature', 'top_p', 'top_k']. Set `TRANSFORMERS_VERBOSITY=info` for more details.
The following generation flags are not valid and may be ignored: ['temperature', 'top_p', 'top_k']. Set `TRANSFORMERS_VERBOSITY=info` for more details.
The following generation flags are not valid and may be ignored: ['temperature', 'top_p', 'top_k']. Set `TRANSFORMERS_VERBOSITY=info` for more details.
The following generation flags are not valid and may be ignored: ['temperature', 'top_p', 'top_k']. Set `TRANSFORMERS_VERBOSITY=info` for more details.
The following generation flags are not valid and may be ignored: ['temperature', 'top_p', 'top_k']. Set `TRANSFORMERS_VERBOSITY=info` for more details.
The following generation flags are not valid and may be ignored: ['temperature', 'top_p', 'top_k']. Set `TRANSFORMERS_VERBOSITY=info` for more details.
The following generation flags are not valid and may be ignored: ['temperature', 'top_p', 'top_k']. Set `TRANSFORMERS_VERBOSITY=info` for more details.
The following generation flags are not valid and may be ignored: ['temperature', 'top_p', 'top_k']. Set `TRANSFORMERS_VERBOSITY=info` for more details.
[Load] float16 on single GPU (cuda:0)
[ZH-Filter] kept 9/20 probes (Δlogp > 0.5). Kept indices: [1, 3, 4, 7, 8, 15, 16, 17, 18]
[Gate] EN baseline acc=90.0% (2 failed: [1, 3]) → WARN (continuing)
[Gate] ZH baseline acc=100.0% (0 failed: []) → PASS
[Stream] Incremental log -> /mnt/e/grow/glogic_b4/test/github/results_v8/Qwen3-4B_early/stream.jsonl

############################################################
  REPEAT 1/1 (seed=42)
############################################################

==================================================
  CONDITION: baseline (seed=42)
==================================================
  EN acc=90.0% ppl=27.16
  ZH acc=100.0% ppl=48.52
  EN gen_ppl=1.35
  ZH gen_ppl=1.52

==================================================
  CONDITION: uniform_causal (seed=42)
==================================================
[Intervention] Registered 9 hooks on layers [0, 1, 2, 3, 4, 5, 6, 7, 8], mode=uniform_causal
[Verify] All hooks fired. Total calls: 5832, per-layer: {0: 648, 1: 648, 2: 648, 3: 648, 4: 648, 5: 648, 6: 648, 7: 648, 8: 648}
  EN acc=90.0% ppl=34209.17
  ZH acc=100.0% ppl=39046.45
  EN gen_ppl=1371.65
  ZH gen_ppl=337.68

==================================================
  CONDITION: uniform_global (seed=42)
==================================================
[Intervention] Registered 9 hooks on layers [0, 1, 2, 3, 4, 5, 6, 7, 8], mode=uniform_global
[Verify] All hooks fired. Total calls: 5832, per-layer: {0: 648, 1: 648, 2: 648, 3: 648, 4: 648, 5: 648, 6: 648, 7: 648, 8: 648}
  EN acc=85.0% ppl=92949.00
  ZH acc=88.9% ppl=78707.97
  EN gen_ppl=124.49
  ZH gen_ppl=59.56

==================================================
  CONDITION: shuffle_rows (seed=42)
==================================================
[Intervention] Registered 9 hooks on layers [0, 1, 2, 3, 4, 5, 6, 7, 8], mode=shuffle_rows
[Verify] All hooks fired. Total calls: 5832, per-layer: {0: 648, 1: 648, 2: 648, 3: 648, 4: 648, 5: 648, 6: 648, 7: 648, 8: 648}
  EN acc=90.0% ppl=23623.68
  ZH acc=77.8% ppl=11878.26
  EN gen_ppl=208.27
  ZH gen_ppl=436.41

Saved -> /mnt/e/grow/glogic_b4/test/github/results_v8/Qwen3-4B_early/intervention_results.json
[2026-09-06 18:01:22] ✅ DONE Qwen3-4B_early in 223s
[2026-09-06 18:01:22] ━━━━━━━━━━━━━━━━━━━━━━━━━━━━━━━━━━━━━━━━
[2026-09-06 18:01:22] ▶ START Qwen3-4B [early]_shuffvar  modes=shuffle_rows repeats=3
[2026-09-06 18:01:22] ━━━━━━━━━━━━━━━━━━━━━━━━━━━━━━━━━━━━━━━━
Skipping import of cpp extensions due to incompatible torch version. Please upgrade to torch >= 2.11.0 (found 2.10.0+cu128).
[LayerSplit] Model has 36 layers, split='early' → layers 0..8 (9 layers)
Loading checkpoint shards:   0%|          | 0/3 [00:00<?, ?it/s]Loading checkpoint shards:  33%|███▎      | 1/3 [00:17<00:34, 17.41s/it]Loading checkpoint shards:  67%|██████▋   | 2/3 [00:34<00:16, 16.94s/it]Loading checkpoint shards: 100%|██████████| 3/3 [00:34<00:00,  9.41s/it]Loading checkpoint shards: 100%|██████████| 3/3 [00:34<00:00, 11.49s/it]
[Load] float16 on single GPU (cuda:0)
[ZH-Filter] kept 9/20 probes (Δlogp > 0.5). Kept indices: [1, 3, 4, 7, 8, 15, 16, 17, 18]
[Gate] EN baseline acc=90.0% (2 failed: [1, 3]) → WARN (continuing)
[Gate] ZH baseline acc=100.0% (0 failed: []) → PASS
[Stream] Incremental log -> /mnt/e/grow/glogic_b4/test/github/results_v8/Qwen3-4B_early_shuffvar/stream.jsonl

############################################################
  REPEAT 1/3 (seed=42)
############################################################

==================================================
  CONDITION: shuffle_rows (seed=42)
==================================================
[Intervention] Registered 9 hooks on layers [0, 1, 2, 3, 4, 5, 6, 7, 8], mode=shuffle_rows
[Verify] All hooks fired. Total calls: 342, per-layer: {0: 38, 1: 38, 2: 38, 3: 38, 4: 38, 5: 38, 6: 38, 7: 38, 8: 38}
  EN acc=90.0% ppl=23623.68
  ZH acc=77.8% ppl=11878.26

############################################################
  REPEAT 2/3 (seed=43)
############################################################

==================================================
  CONDITION: shuffle_rows (seed=43)
==================================================
[Intervention] Registered 9 hooks on layers [0, 1, 2, 3, 4, 5, 6, 7, 8], mode=shuffle_rows
[Verify] All hooks fired. Total calls: 342, per-layer: {0: 38, 1: 38, 2: 38, 3: 38, 4: 38, 5: 38, 6: 38, 7: 38, 8: 38}
  EN acc=85.0% ppl=5049.32
  ZH acc=88.9% ppl=191942.30

############################################################
  REPEAT 3/3 (seed=44)
############################################################

==================================================
  CONDITION: shuffle_rows (seed=44)
==================================================
[Intervention] Registered 9 hooks on layers [0, 1, 2, 3, 4, 5, 6, 7, 8], mode=shuffle_rows
[Verify] All hooks fired. Total calls: 342, per-layer: {0: 38, 1: 38, 2: 38, 3: 38, 4: 38, 5: 38, 6: 38, 7: 38, 8: 38}
  EN acc=85.0% ppl=16394.30
  ZH acc=77.8% ppl=195913.30

============================================================
SUMMARY (mean ± std across repeats)
============================================================
  shuffle_rows         | EN acc=86.7±2.4% ZH acc=81.5±5.2%

Saved -> /mnt/e/grow/glogic_b4/test/github/results_v8/Qwen3-4B_early_shuffvar/intervention_results.json
[2026-09-06 18:02:12] ✅ DONE Qwen3-4B_early_shuffvar in 50s
[2026-09-06 18:02:12] ━━━━━━━━━━━━━━━━━━━━━━━━━━━━━━━━━━━━━━━━
[2026-09-06 18:02:12] ▶ START Qwen3-4B [mid]  modes=baseline,uniform_causal,uniform_global,shuffle_rows repeats=1
[2026-09-06 18:02:12] ━━━━━━━━━━━━━━━━━━━━━━━━━━━━━━━━━━━━━━━━
Skipping import of cpp extensions due to incompatible torch version. Please upgrade to torch >= 2.11.0 (found 2.10.0+cu128).
[LayerSplit] Model has 36 layers, split='mid' → layers 9..26 (18 layers)
Loading checkpoint shards:   0%|          | 0/3 [00:00<?, ?it/s]Loading checkpoint shards:  33%|███▎      | 1/3 [00:14<00:29, 14.84s/it]Loading checkpoint shards:  67%|██████▋   | 2/3 [00:33<00:17, 17.28s/it]Loading checkpoint shards: 100%|██████████| 3/3 [00:34<00:00,  9.59s/it]Loading checkpoint shards: 100%|██████████| 3/3 [00:34<00:00, 11.42s/it]
The following generation flags are not valid and may be ignored: ['temperature', 'top_p', 'top_k']. Set `TRANSFORMERS_VERBOSITY=info` for more details.
The following generation flags are not valid and may be ignored: ['temperature', 'top_p', 'top_k']. Set `TRANSFORMERS_VERBOSITY=info` for more details.
The following generation flags are not valid and may be ignored: ['temperature', 'top_p', 'top_k']. Set `TRANSFORMERS_VERBOSITY=info` for more details.
The following generation flags are not valid and may be ignored: ['temperature', 'top_p', 'top_k']. Set `TRANSFORMERS_VERBOSITY=info` for more details.
The following generation flags are not valid and may be ignored: ['temperature', 'top_p', 'top_k']. Set `TRANSFORMERS_VERBOSITY=info` for more details.
The following generation flags are not valid and may be ignored: ['temperature', 'top_p', 'top_k']. Set `TRANSFORMERS_VERBOSITY=info` for more details.
The following generation flags are not valid and may be ignored: ['temperature', 'top_p', 'top_k']. Set `TRANSFORMERS_VERBOSITY=info` for more details.
The following generation flags are not valid and may be ignored: ['temperature', 'top_p', 'top_k']. Set `TRANSFORMERS_VERBOSITY=info` for more details.
The following generation flags are not valid and may be ignored: ['temperature', 'top_p', 'top_k']. Set `TRANSFORMERS_VERBOSITY=info` for more details.
The following generation flags are not valid and may be ignored: ['temperature', 'top_p', 'top_k']. Set `TRANSFORMERS_VERBOSITY=info` for more details.
The following generation flags are not valid and may be ignored: ['temperature', 'top_p', 'top_k']. Set `TRANSFORMERS_VERBOSITY=info` for more details.
The following generation flags are not valid and may be ignored: ['temperature', 'top_p', 'top_k']. Set `TRANSFORMERS_VERBOSITY=info` for more details.
The following generation flags are not valid and may be ignored: ['temperature', 'top_p', 'top_k']. Set `TRANSFORMERS_VERBOSITY=info` for more details.
The following generation flags are not valid and may be ignored: ['temperature', 'top_p', 'top_k']. Set `TRANSFORMERS_VERBOSITY=info` for more details.
The following generation flags are not valid and may be ignored: ['temperature', 'top_p', 'top_k']. Set `TRANSFORMERS_VERBOSITY=info` for more details.
The following generation flags are not valid and may be ignored: ['temperature', 'top_p', 'top_k']. Set `TRANSFORMERS_VERBOSITY=info` for more details.
The following generation flags are not valid and may be ignored: ['temperature', 'top_p', 'top_k']. Set `TRANSFORMERS_VERBOSITY=info` for more details.
The following generation flags are not valid and may be ignored: ['temperature', 'top_p', 'top_k']. Set `TRANSFORMERS_VERBOSITY=info` for more details.
The following generation flags are not valid and may be ignored: ['temperature', 'top_p', 'top_k']. Set `TRANSFORMERS_VERBOSITY=info` for more details.
The following generation flags are not valid and may be ignored: ['temperature', 'top_p', 'top_k']. Set `TRANSFORMERS_VERBOSITY=info` for more details.
The following generation flags are not valid and may be ignored: ['temperature', 'top_p', 'top_k']. Set `TRANSFORMERS_VERBOSITY=info` for more details.
The following generation flags are not valid and may be ignored: ['temperature', 'top_p', 'top_k']. Set `TRANSFORMERS_VERBOSITY=info` for more details.
The following generation flags are not valid and may be ignored: ['temperature', 'top_p', 'top_k']. Set `TRANSFORMERS_VERBOSITY=info` for more details.
The following generation flags are not valid and may be ignored: ['temperature', 'top_p', 'top_k']. Set `TRANSFORMERS_VERBOSITY=info` for more details.
The following generation flags are not valid and may be ignored: ['temperature', 'top_p', 'top_k']. Set `TRANSFORMERS_VERBOSITY=info` for more details.
The following generation flags are not valid and may be ignored: ['temperature', 'top_p', 'top_k']. Set `TRANSFORMERS_VERBOSITY=info` for more details.
The following generation flags are not valid and may be ignored: ['temperature', 'top_p', 'top_k']. Set `TRANSFORMERS_VERBOSITY=info` for more details.
The following generation flags are not valid and may be ignored: ['temperature', 'top_p', 'top_k']. Set `TRANSFORMERS_VERBOSITY=info` for more details.
The following generation flags are not valid and may be ignored: ['temperature', 'top_p', 'top_k']. Set `TRANSFORMERS_VERBOSITY=info` for more details.
The following generation flags are not valid and may be ignored: ['temperature', 'top_p', 'top_k']. Set `TRANSFORMERS_VERBOSITY=info` for more details.
The following generation flags are not valid and may be ignored: ['temperature', 'top_p', 'top_k']. Set `TRANSFORMERS_VERBOSITY=info` for more details.
The following generation flags are not valid and may be ignored: ['temperature', 'top_p', 'top_k']. Set `TRANSFORMERS_VERBOSITY=info` for more details.
The following generation flags are not valid and may be ignored: ['temperature', 'top_p', 'top_k']. Set `TRANSFORMERS_VERBOSITY=info` for more details.
The following generation flags are not valid and may be ignored: ['temperature', 'top_p', 'top_k']. Set `TRANSFORMERS_VERBOSITY=info` for more details.
The following generation flags are not valid and may be ignored: ['temperature', 'top_p', 'top_k']. Set `TRANSFORMERS_VERBOSITY=info` for more details.
The following generation flags are not valid and may be ignored: ['temperature', 'top_p', 'top_k']. Set `TRANSFORMERS_VERBOSITY=info` for more details.
The following generation flags are not valid and may be ignored: ['temperature', 'top_p', 'top_k']. Set `TRANSFORMERS_VERBOSITY=info` for more details.
The following generation flags are not valid and may be ignored: ['temperature', 'top_p', 'top_k']. Set `TRANSFORMERS_VERBOSITY=info` for more details.
The following generation flags are not valid and may be ignored: ['temperature', 'top_p', 'top_k']. Set `TRANSFORMERS_VERBOSITY=info` for more details.
The following generation flags are not valid and may be ignored: ['temperature', 'top_p', 'top_k']. Set `TRANSFORMERS_VERBOSITY=info` for more details.
[Load] float16 on single GPU (cuda:0)
[ZH-Filter] kept 9/20 probes (Δlogp > 0.5). Kept indices: [1, 3, 4, 7, 8, 15, 16, 17, 18]
[Gate] EN baseline acc=90.0% (2 failed: [1, 3]) → WARN (continuing)
[Gate] ZH baseline acc=100.0% (0 failed: []) → PASS
[Stream] Incremental log -> /mnt/e/grow/glogic_b4/test/github/results_v8/Qwen3-4B_mid/stream.jsonl

############################################################
  REPEAT 1/1 (seed=42)
############################################################

==================================================
  CONDITION: baseline (seed=42)
==================================================
  EN acc=90.0% ppl=27.16
  ZH acc=100.0% ppl=48.52
  EN gen_ppl=1.35
  ZH gen_ppl=1.52

==================================================
  CONDITION: uniform_causal (seed=42)
==================================================
[Intervention] Registered 18 hooks on layers [9, 10, 11, 12, 13, 14, 15, 16, 17, 18, 19, 20, 21, 22, 23, 24, 25, 26], mode=uniform_causal
[Verify] All hooks fired. Total calls: 11664, per-layer: {9: 648, 10: 648, 11: 648, 12: 648, 13: 648, 14: 648, 15: 648, 16: 648, 17: 648, 18: 648, 19: 648, 20: 648, 21: 648, 22: 648, 23: 648, 24: 648, 25: 648, 26: 648}
  EN acc=90.0% ppl=162.18
  ZH acc=100.0% ppl=355.30
  EN gen_ppl=1.39
  ZH gen_ppl=1.30

==================================================
  CONDITION: uniform_global (seed=42)
==================================================
[Intervention] Registered 18 hooks on layers [9, 10, 11, 12, 13, 14, 15, 16, 17, 18, 19, 20, 21, 22, 23, 24, 25, 26], mode=uniform_global
[Verify] All hooks fired. Total calls: 11664, per-layer: {9: 648, 10: 648, 11: 648, 12: 648, 13: 648, 14: 648, 15: 648, 16: 648, 17: 648, 18: 648, 19: 648, 20: 648, 21: 648, 22: 648, 23: 648, 24: 648, 25: 648, 26: 648}
  EN acc=90.0% ppl=31.31
  ZH acc=88.9% ppl=45.28
  EN gen_ppl=1.07
  ZH gen_ppl=1.12

==================================================
  CONDITION: shuffle_rows (seed=42)
==================================================
[Intervention] Registered 18 hooks on layers [9, 10, 11, 12, 13, 14, 15, 16, 17, 18, 19, 20, 21, 22, 23, 24, 25, 26], mode=shuffle_rows
[Verify] All hooks fired. Total calls: 11664, per-layer: {9: 648, 10: 648, 11: 648, 12: 648, 13: 648, 14: 648, 15: 648, 16: 648, 17: 648, 18: 648, 19: 648, 20: 648, 21: 648, 22: 648, 23: 648, 24: 648, 25: 648, 26: 648}
  EN acc=90.0% ppl=96.83
  ZH acc=100.0% ppl=278.88
  EN gen_ppl=30.11
  ZH gen_ppl=56.28

Saved -> /mnt/e/grow/glogic_b4/test/github/results_v8/Qwen3-4B_mid/intervention_results.json
[2026-09-06 18:05:24] ✅ DONE Qwen3-4B_mid in 192s
[2026-09-06 18:05:24] ━━━━━━━━━━━━━━━━━━━━━━━━━━━━━━━━━━━━━━━━
[2026-09-06 18:05:24] ▶ START Qwen3-4B [late]  modes=baseline,uniform_causal,uniform_global,shuffle_rows repeats=1
[2026-09-06 18:05:24] ━━━━━━━━━━━━━━━━━━━━━━━━━━━━━━━━━━━━━━━━
Skipping import of cpp extensions due to incompatible torch version. Please upgrade to torch >= 2.11.0 (found 2.10.0+cu128).
[LayerSplit] Model has 36 layers, split='late' → layers 27..35 (9 layers)
Loading checkpoint shards:   0%|          | 0/3 [00:00<?, ?it/s]Loading checkpoint shards:  33%|███▎      | 1/3 [00:19<00:38, 19.07s/it]Loading checkpoint shards:  67%|██████▋   | 2/3 [00:34<00:16, 16.98s/it]Loading checkpoint shards: 100%|██████████| 3/3 [00:35<00:00,  9.44s/it]Loading checkpoint shards: 100%|██████████| 3/3 [00:35<00:00, 11.69s/it]
The following generation flags are not valid and may be ignored: ['temperature', 'top_p', 'top_k']. Set `TRANSFORMERS_VERBOSITY=info` for more details.
The following generation flags are not valid and may be ignored: ['temperature', 'top_p', 'top_k']. Set `TRANSFORMERS_VERBOSITY=info` for more details.
The following generation flags are not valid and may be ignored: ['temperature', 'top_p', 'top_k']. Set `TRANSFORMERS_VERBOSITY=info` for more details.
The following generation flags are not valid and may be ignored: ['temperature', 'top_p', 'top_k']. Set `TRANSFORMERS_VERBOSITY=info` for more details.
The following generation flags are not valid and may be ignored: ['temperature', 'top_p', 'top_k']. Set `TRANSFORMERS_VERBOSITY=info` for more details.
The following generation flags are not valid and may be ignored: ['temperature', 'top_p', 'top_k']. Set `TRANSFORMERS_VERBOSITY=info` for more details.
The following generation flags are not valid and may be ignored: ['temperature', 'top_p', 'top_k']. Set `TRANSFORMERS_VERBOSITY=info` for more details.
The following generation flags are not valid and may be ignored: ['temperature', 'top_p', 'top_k']. Set `TRANSFORMERS_VERBOSITY=info` for more details.
The following generation flags are not valid and may be ignored: ['temperature', 'top_p', 'top_k']. Set `TRANSFORMERS_VERBOSITY=info` for more details.
The following generation flags are not valid and may be ignored: ['temperature', 'top_p', 'top_k']. Set `TRANSFORMERS_VERBOSITY=info` for more details.
The following generation flags are not valid and may be ignored: ['temperature', 'top_p', 'top_k']. Set `TRANSFORMERS_VERBOSITY=info` for more details.
The following generation flags are not valid and may be ignored: ['temperature', 'top_p', 'top_k']. Set `TRANSFORMERS_VERBOSITY=info` for more details.
The following generation flags are not valid and may be ignored: ['temperature', 'top_p', 'top_k']. Set `TRANSFORMERS_VERBOSITY=info` for more details.
The following generation flags are not valid and may be ignored: ['temperature', 'top_p', 'top_k']. Set `TRANSFORMERS_VERBOSITY=info` for more details.
The following generation flags are not valid and may be ignored: ['temperature', 'top_p', 'top_k']. Set `TRANSFORMERS_VERBOSITY=info` for more details.
The following generation flags are not valid and may be ignored: ['temperature', 'top_p', 'top_k']. Set `TRANSFORMERS_VERBOSITY=info` for more details.
The following generation flags are not valid and may be ignored: ['temperature', 'top_p', 'top_k']. Set `TRANSFORMERS_VERBOSITY=info` for more details.
The following generation flags are not valid and may be ignored: ['temperature', 'top_p', 'top_k']. Set `TRANSFORMERS_VERBOSITY=info` for more details.
The following generation flags are not valid and may be ignored: ['temperature', 'top_p', 'top_k']. Set `TRANSFORMERS_VERBOSITY=info` for more details.
The following generation flags are not valid and may be ignored: ['temperature', 'top_p', 'top_k']. Set `TRANSFORMERS_VERBOSITY=info` for more details.
The following generation flags are not valid and may be ignored: ['temperature', 'top_p', 'top_k']. Set `TRANSFORMERS_VERBOSITY=info` for more details.
The following generation flags are not valid and may be ignored: ['temperature', 'top_p', 'top_k']. Set `TRANSFORMERS_VERBOSITY=info` for more details.
The following generation flags are not valid and may be ignored: ['temperature', 'top_p', 'top_k']. Set `TRANSFORMERS_VERBOSITY=info` for more details.
The following generation flags are not valid and may be ignored: ['temperature', 'top_p', 'top_k']. Set `TRANSFORMERS_VERBOSITY=info` for more details.
The following generation flags are not valid and may be ignored: ['temperature', 'top_p', 'top_k']. Set `TRANSFORMERS_VERBOSITY=info` for more details.
The following generation flags are not valid and may be ignored: ['temperature', 'top_p', 'top_k']. Set `TRANSFORMERS_VERBOSITY=info` for more details.
The following generation flags are not valid and may be ignored: ['temperature', 'top_p', 'top_k']. Set `TRANSFORMERS_VERBOSITY=info` for more details.
The following generation flags are not valid and may be ignored: ['temperature', 'top_p', 'top_k']. Set `TRANSFORMERS_VERBOSITY=info` for more details.
The following generation flags are not valid and may be ignored: ['temperature', 'top_p', 'top_k']. Set `TRANSFORMERS_VERBOSITY=info` for more details.
The following generation flags are not valid and may be ignored: ['temperature', 'top_p', 'top_k']. Set `TRANSFORMERS_VERBOSITY=info` for more details.
The following generation flags are not valid and may be ignored: ['temperature', 'top_p', 'top_k']. Set `TRANSFORMERS_VERBOSITY=info` for more details.
The following generation flags are not valid and may be ignored: ['temperature', 'top_p', 'top_k']. Set `TRANSFORMERS_VERBOSITY=info` for more details.
The following generation flags are not valid and may be ignored: ['temperature', 'top_p', 'top_k']. Set `TRANSFORMERS_VERBOSITY=info` for more details.
The following generation flags are not valid and may be ignored: ['temperature', 'top_p', 'top_k']. Set `TRANSFORMERS_VERBOSITY=info` for more details.
The following generation flags are not valid and may be ignored: ['temperature', 'top_p', 'top_k']. Set `TRANSFORMERS_VERBOSITY=info` for more details.
The following generation flags are not valid and may be ignored: ['temperature', 'top_p', 'top_k']. Set `TRANSFORMERS_VERBOSITY=info` for more details.
The following generation flags are not valid and may be ignored: ['temperature', 'top_p', 'top_k']. Set `TRANSFORMERS_VERBOSITY=info` for more details.
The following generation flags are not valid and may be ignored: ['temperature', 'top_p', 'top_k']. Set `TRANSFORMERS_VERBOSITY=info` for more details.
The following generation flags are not valid and may be ignored: ['temperature', 'top_p', 'top_k']. Set `TRANSFORMERS_VERBOSITY=info` for more details.
The following generation flags are not valid and may be ignored: ['temperature', 'top_p', 'top_k']. Set `TRANSFORMERS_VERBOSITY=info` for more details.
[Load] float16 on single GPU (cuda:0)
[ZH-Filter] kept 9/20 probes (Δlogp > 0.5). Kept indices: [1, 3, 4, 7, 8, 15, 16, 17, 18]
[Gate] EN baseline acc=90.0% (2 failed: [1, 3]) → WARN (continuing)
[Gate] ZH baseline acc=100.0% (0 failed: []) → PASS
[Stream] Incremental log -> /mnt/e/grow/glogic_b4/test/github/results_v8/Qwen3-4B_late/stream.jsonl

############################################################
  REPEAT 1/1 (seed=42)
############################################################

==================================================
  CONDITION: baseline (seed=42)
==================================================
  EN acc=90.0% ppl=27.16
  ZH acc=100.0% ppl=48.52
  EN gen_ppl=1.35
  ZH gen_ppl=1.52

==================================================
  CONDITION: uniform_causal (seed=42)
==================================================
[Intervention] Registered 9 hooks on layers [27, 28, 29, 30, 31, 32, 33, 34, 35], mode=uniform_causal
[Verify] All hooks fired. Total calls: 5832, per-layer: {27: 648, 28: 648, 29: 648, 30: 648, 31: 648, 32: 648, 33: 648, 34: 648, 35: 648}
  EN acc=85.0% ppl=46.70
  ZH acc=100.0% ppl=85.42
  EN gen_ppl=189.46
  ZH gen_ppl=6.15

==================================================
  CONDITION: uniform_global (seed=42)
==================================================
[Intervention] Registered 9 hooks on layers [27, 28, 29, 30, 31, 32, 33, 34, 35], mode=uniform_global
[Verify] All hooks fired. Total calls: 5832, per-layer: {27: 648, 28: 648, 29: 648, 30: 648, 31: 648, 32: 648, 33: 648, 34: 648, 35: 648}
  EN acc=85.0% ppl=18.89
  ZH acc=88.9% ppl=43.26
  EN gen_ppl=21.44
  ZH gen_ppl=6.61

==================================================
  CONDITION: shuffle_rows (seed=42)
==================================================
[Intervention] Registered 9 hooks on layers [27, 28, 29, 30, 31, 32, 33, 34, 35], mode=shuffle_rows
[Verify] All hooks fired. Total calls: 5832, per-layer: {27: 648, 28: 648, 29: 648, 30: 648, 31: 648, 32: 648, 33: 648, 34: 648, 35: 648}
  EN acc=90.0% ppl=24.31
  ZH acc=100.0% ppl=57.77
  EN gen_ppl=3.80
  ZH gen_ppl=4.66

Saved -> /mnt/e/grow/glogic_b4/test/github/results_v8/Qwen3-4B_late/intervention_results.json
[2026-09-06 18:08:31] ✅ DONE Qwen3-4B_late in 187s
[2026-09-06 18:08:31] ━━━━━━━━━━━━━━━━━━━━━━━━━━━━━━━━━━━━━━━━
[2026-09-06 18:08:31] ▶ START Qwen3-8B [early]  modes=baseline,uniform_causal,uniform_global,shuffle_rows repeats=1
[2026-09-06 18:08:31] ━━━━━━━━━━━━━━━━━━━━━━━━━━━━━━━━━━━━━━━━
Skipping import of cpp extensions due to incompatible torch version. Please upgrade to torch >= 2.11.0 (found 2.10.0+cu128).
[LayerSplit] Model has 36 layers, split='early' → layers 0..8 (9 layers)
Loading checkpoint shards:   0%|          | 0/5 [00:00<?, ?it/s]Loading checkpoint shards:  20%|██        | 1/5 [00:46<03:07, 46.85s/it]Loading checkpoint shards:  40%|████      | 2/5 [01:38<02:28, 49.64s/it]Loading checkpoint shards:  60%|██████    | 3/5 [02:26<01:37, 48.73s/it]Loading checkpoint shards:  80%|████████  | 4/5 [03:01<00:43, 43.65s/it]Loading checkpoint shards: 100%|██████████| 5/5 [03:12<00:00, 31.79s/it]Loading checkpoint shards: 100%|██████████| 5/5 [03:12<00:00, 38.54s/it]
The following generation flags are not valid and may be ignored: ['temperature', 'top_p', 'top_k']. Set `TRANSFORMERS_VERBOSITY=info` for more details.
The following generation flags are not valid and may be ignored: ['temperature', 'top_p', 'top_k']. Set `TRANSFORMERS_VERBOSITY=info` for more details.
The following generation flags are not valid and may be ignored: ['temperature', 'top_p', 'top_k']. Set `TRANSFORMERS_VERBOSITY=info` for more details.
The following generation flags are not valid and may be ignored: ['temperature', 'top_p', 'top_k']. Set `TRANSFORMERS_VERBOSITY=info` for more details.
The following generation flags are not valid and may be ignored: ['temperature', 'top_p', 'top_k']. Set `TRANSFORMERS_VERBOSITY=info` for more details.
The following generation flags are not valid and may be ignored: ['temperature', 'top_p', 'top_k']. Set `TRANSFORMERS_VERBOSITY=info` for more details.
The following generation flags are not valid and may be ignored: ['temperature', 'top_p', 'top_k']. Set `TRANSFORMERS_VERBOSITY=info` for more details.
The following generation flags are not valid and may be ignored: ['temperature', 'top_p', 'top_k']. Set `TRANSFORMERS_VERBOSITY=info` for more details.
The following generation flags are not valid and may be ignored: ['temperature', 'top_p', 'top_k']. Set `TRANSFORMERS_VERBOSITY=info` for more details.
The following generation flags are not valid and may be ignored: ['temperature', 'top_p', 'top_k']. Set `TRANSFORMERS_VERBOSITY=info` for more details.
The following generation flags are not valid and may be ignored: ['temperature', 'top_p', 'top_k']. Set `TRANSFORMERS_VERBOSITY=info` for more details.
The following generation flags are not valid and may be ignored: ['temperature', 'top_p', 'top_k']. Set `TRANSFORMERS_VERBOSITY=info` for more details.
The following generation flags are not valid and may be ignored: ['temperature', 'top_p', 'top_k']. Set `TRANSFORMERS_VERBOSITY=info` for more details.
The following generation flags are not valid and may be ignored: ['temperature', 'top_p', 'top_k']. Set `TRANSFORMERS_VERBOSITY=info` for more details.
The following generation flags are not valid and may be ignored: ['temperature', 'top_p', 'top_k']. Set `TRANSFORMERS_VERBOSITY=info` for more details.
The following generation flags are not valid and may be ignored: ['temperature', 'top_p', 'top_k']. Set `TRANSFORMERS_VERBOSITY=info` for more details.
The following generation flags are not valid and may be ignored: ['temperature', 'top_p', 'top_k']. Set `TRANSFORMERS_VERBOSITY=info` for more details.
The following generation flags are not valid and may be ignored: ['temperature', 'top_p', 'top_k']. Set `TRANSFORMERS_VERBOSITY=info` for more details.
The following generation flags are not valid and may be ignored: ['temperature', 'top_p', 'top_k']. Set `TRANSFORMERS_VERBOSITY=info` for more details.
The following generation flags are not valid and may be ignored: ['temperature', 'top_p', 'top_k']. Set `TRANSFORMERS_VERBOSITY=info` for more details.
The following generation flags are not valid and may be ignored: ['temperature', 'top_p', 'top_k']. Set `TRANSFORMERS_VERBOSITY=info` for more details.
The following generation flags are not valid and may be ignored: ['temperature', 'top_p', 'top_k']. Set `TRANSFORMERS_VERBOSITY=info` for more details.
The following generation flags are not valid and may be ignored: ['temperature', 'top_p', 'top_k']. Set `TRANSFORMERS_VERBOSITY=info` for more details.
The following generation flags are not valid and may be ignored: ['temperature', 'top_p', 'top_k']. Set `TRANSFORMERS_VERBOSITY=info` for more details.
The following generation flags are not valid and may be ignored: ['temperature', 'top_p', 'top_k']. Set `TRANSFORMERS_VERBOSITY=info` for more details.
The following generation flags are not valid and may be ignored: ['temperature', 'top_p', 'top_k']. Set `TRANSFORMERS_VERBOSITY=info` for more details.
The following generation flags are not valid and may be ignored: ['temperature', 'top_p', 'top_k']. Set `TRANSFORMERS_VERBOSITY=info` for more details.
The following generation flags are not valid and may be ignored: ['temperature', 'top_p', 'top_k']. Set `TRANSFORMERS_VERBOSITY=info` for more details.
The following generation flags are not valid and may be ignored: ['temperature', 'top_p', 'top_k']. Set `TRANSFORMERS_VERBOSITY=info` for more details.
The following generation flags are not valid and may be ignored: ['temperature', 'top_p', 'top_k']. Set `TRANSFORMERS_VERBOSITY=info` for more details.
The following generation flags are not valid and may be ignored: ['temperature', 'top_p', 'top_k']. Set `TRANSFORMERS_VERBOSITY=info` for more details.
The following generation flags are not valid and may be ignored: ['temperature', 'top_p', 'top_k']. Set `TRANSFORMERS_VERBOSITY=info` for more details.
The following generation flags are not valid and may be ignored: ['temperature', 'top_p', 'top_k']. Set `TRANSFORMERS_VERBOSITY=info` for more details.
The following generation flags are not valid and may be ignored: ['temperature', 'top_p', 'top_k']. Set `TRANSFORMERS_VERBOSITY=info` for more details.
The following generation flags are not valid and may be ignored: ['temperature', 'top_p', 'top_k']. Set `TRANSFORMERS_VERBOSITY=info` for more details.
The following generation flags are not valid and may be ignored: ['temperature', 'top_p', 'top_k']. Set `TRANSFORMERS_VERBOSITY=info` for more details.
The following generation flags are not valid and may be ignored: ['temperature', 'top_p', 'top_k']. Set `TRANSFORMERS_VERBOSITY=info` for more details.
The following generation flags are not valid and may be ignored: ['temperature', 'top_p', 'top_k']. Set `TRANSFORMERS_VERBOSITY=info` for more details.
The following generation flags are not valid and may be ignored: ['temperature', 'top_p', 'top_k']. Set `TRANSFORMERS_VERBOSITY=info` for more details.
The following generation flags are not valid and may be ignored: ['temperature', 'top_p', 'top_k']. Set `TRANSFORMERS_VERBOSITY=info` for more details.
[Load] float16 on single GPU (cuda:0)
[ZH-Filter] kept 10/20 probes (Δlogp > 0.5). Kept indices: [1, 3, 4, 7, 9, 10, 15, 16, 17, 18]
[Gate] EN baseline acc=90.0% (2 failed: [1, 3]) → WARN (continuing)
[Gate] ZH baseline acc=100.0% (0 failed: []) → PASS
[Stream] Incremental log -> /mnt/e/grow/glogic_b4/test/github/results_v8/Qwen3-8B_early/stream.jsonl

############################################################
  REPEAT 1/1 (seed=42)
############################################################

==================================================
  CONDITION: baseline (seed=42)
==================================================
  EN acc=90.0% ppl=19.43
  ZH acc=100.0% ppl=42.09
  EN gen_ppl=1.24
  ZH gen_ppl=1.59

==================================================
  CONDITION: uniform_causal (seed=42)
==================================================
[Intervention] Registered 9 hooks on layers [0, 1, 2, 3, 4, 5, 6, 7, 8], mode=uniform_causal
[Verify] All hooks fired. Total calls: 5850, per-layer: {0: 650, 1: 650, 2: 650, 3: 650, 4: 650, 5: 650, 6: 650, 7: 650, 8: 650}
  EN acc=90.0% ppl=742.27
  ZH acc=90.0% ppl=3211.88
  EN gen_ppl=99.78
  ZH gen_ppl=57.21

==================================================
  CONDITION: uniform_global (seed=42)
==================================================
[Intervention] Registered 9 hooks on layers [0, 1, 2, 3, 4, 5, 6, 7, 8], mode=uniform_global
[Verify] All hooks fired. Total calls: 5850, per-layer: {0: 650, 1: 650, 2: 650, 3: 650, 4: 650, 5: 650, 6: 650, 7: 650, 8: 650}
  EN acc=85.0% ppl=1372.52
  ZH acc=90.0% ppl=28563.93
  EN gen_ppl=31.82
  ZH gen_ppl=28.36

==================================================
  CONDITION: shuffle_rows (seed=42)
==================================================
[Intervention] Registered 9 hooks on layers [0, 1, 2, 3, 4, 5, 6, 7, 8], mode=shuffle_rows
[Verify] All hooks fired. Total calls: 5850, per-layer: {0: 650, 1: 650, 2: 650, 3: 650, 4: 650, 5: 650, 6: 650, 7: 650, 8: 650}
  EN acc=85.0% ppl=5064.11
  ZH acc=90.0% ppl=950538.72
  EN gen_ppl=43.34
  ZH gen_ppl=261.07

Saved -> /mnt/e/grow/glogic_b4/test/github/results_v8/Qwen3-8B_early/intervention_results.json
[2026-09-06 18:15:13] ✅ DONE Qwen3-8B_early in 402s
[2026-09-06 18:15:13] ━━━━━━━━━━━━━━━━━━━━━━━━━━━━━━━━━━━━━━━━
[2026-09-06 18:15:13] ▶ START Qwen3-8B [early]_shuffvar  modes=shuffle_rows repeats=3
[2026-09-06 18:15:13] ━━━━━━━━━━━━━━━━━━━━━━━━━━━━━━━━━━━━━━━━
Skipping import of cpp extensions due to incompatible torch version. Please upgrade to torch >= 2.11.0 (found 2.10.0+cu128).
[LayerSplit] Model has 36 layers, split='early' → layers 0..8 (9 layers)
Loading checkpoint shards:   0%|          | 0/5 [00:00<?, ?it/s]Loading checkpoint shards:  20%|██        | 1/5 [00:43<02:55, 43.93s/it]Loading checkpoint shards:  40%|████      | 2/5 [01:34<02:23, 47.82s/it]Loading checkpoint shards:  60%|██████    | 3/5 [02:26<01:39, 49.61s/it]Loading checkpoint shards:  80%|████████  | 4/5 [03:02<00:44, 44.24s/it]Loading checkpoint shards: 100%|██████████| 5/5 [03:16<00:00, 33.44s/it]Loading checkpoint shards: 100%|██████████| 5/5 [03:16<00:00, 39.30s/it]
[Load] float16 on single GPU (cuda:0)
[ZH-Filter] kept 10/20 probes (Δlogp > 0.5). Kept indices: [1, 3, 4, 7, 9, 10, 15, 16, 17, 18]
[Gate] EN baseline acc=90.0% (2 failed: [1, 3]) → WARN (continuing)
[Gate] ZH baseline acc=100.0% (0 failed: []) → PASS
[Stream] Incremental log -> /mnt/e/grow/glogic_b4/test/github/results_v8/Qwen3-8B_early_shuffvar/stream.jsonl

############################################################
  REPEAT 1/3 (seed=42)
############################################################

==================================================
  CONDITION: shuffle_rows (seed=42)
==================================================
[Intervention] Registered 9 hooks on layers [0, 1, 2, 3, 4, 5, 6, 7, 8], mode=shuffle_rows
[Verify] All hooks fired. Total calls: 360, per-layer: {0: 40, 1: 40, 2: 40, 3: 40, 4: 40, 5: 40, 6: 40, 7: 40, 8: 40}
  EN acc=85.0% ppl=5064.11
  ZH acc=90.0% ppl=950538.72

############################################################
  REPEAT 2/3 (seed=43)
############################################################

==================================================
  CONDITION: shuffle_rows (seed=43)
==================================================
[Intervention] Registered 9 hooks on layers [0, 1, 2, 3, 4, 5, 6, 7, 8], mode=shuffle_rows
[Verify] All hooks fired. Total calls: 360, per-layer: {0: 40, 1: 40, 2: 40, 3: 40, 4: 40, 5: 40, 6: 40, 7: 40, 8: 40}
  EN acc=90.0% ppl=2966.91
  ZH acc=100.0% ppl=15297.63

############################################################
  REPEAT 3/3 (seed=44)
############################################################

==================================================
  CONDITION: shuffle_rows (seed=44)
==================================================
[Intervention] Registered 9 hooks on layers [0, 1, 2, 3, 4, 5, 6, 7, 8], mode=shuffle_rows
[Verify] All hooks fired. Total calls: 360, per-layer: {0: 40, 1: 40, 2: 40, 3: 40, 4: 40, 5: 40, 6: 40, 7: 40, 8: 40}
  EN acc=90.0% ppl=7024.30
  ZH acc=80.0% ppl=28025.99

============================================================
SUMMARY (mean ± std across repeats)
============================================================
  shuffle_rows         | EN acc=88.3±2.4% ZH acc=90.0±8.2%

Saved -> /mnt/e/grow/glogic_b4/test/github/results_v8/Qwen3-8B_early_shuffvar/intervention_results.json
[2026-09-06 18:19:25] ✅ DONE Qwen3-8B_early_shuffvar in 252s
[2026-09-06 18:19:25] ━━━━━━━━━━━━━━━━━━━━━━━━━━━━━━━━━━━━━━━━
[2026-09-06 18:19:25] ▶ START Qwen3-8B [mid]  modes=baseline,uniform_causal,uniform_global,shuffle_rows repeats=1
[2026-09-06 18:19:25] ━━━━━━━━━━━━━━━━━━━━━━━━━━━━━━━━━━━━━━━━
Skipping import of cpp extensions due to incompatible torch version. Please upgrade to torch >= 2.11.0 (found 2.10.0+cu128).
[LayerSplit] Model has 36 layers, split='mid' → layers 9..26 (18 layers)
Loading checkpoint shards:   0%|          | 0/5 [00:00<?, ?it/s]Loading checkpoint shards:  20%|██        | 1/5 [00:46<03:06, 46.52s/it]Loading checkpoint shards:  40%|████      | 2/5 [01:37<02:27, 49.33s/it]Loading checkpoint shards:  60%|██████    | 3/5 [02:29<01:40, 50.50s/it]Loading checkpoint shards:  80%|████████  | 4/5 [03:11<00:47, 47.24s/it]Loading checkpoint shards: 100%|██████████| 5/5 [03:21<00:00, 33.67s/it]Loading checkpoint shards: 100%|██████████| 5/5 [03:21<00:00, 40.31s/it]
The following generation flags are not valid and may be ignored: ['temperature', 'top_p', 'top_k']. Set `TRANSFORMERS_VERBOSITY=info` for more details.
The following generation flags are not valid and may be ignored: ['temperature', 'top_p', 'top_k']. Set `TRANSFORMERS_VERBOSITY=info` for more details.
The following generation flags are not valid and may be ignored: ['temperature', 'top_p', 'top_k']. Set `TRANSFORMERS_VERBOSITY=info` for more details.
The following generation flags are not valid and may be ignored: ['temperature', 'top_p', 'top_k']. Set `TRANSFORMERS_VERBOSITY=info` for more details.
The following generation flags are not valid and may be ignored: ['temperature', 'top_p', 'top_k']. Set `TRANSFORMERS_VERBOSITY=info` for more details.
The following generation flags are not valid and may be ignored: ['temperature', 'top_p', 'top_k']. Set `TRANSFORMERS_VERBOSITY=info` for more details.
The following generation flags are not valid and may be ignored: ['temperature', 'top_p', 'top_k']. Set `TRANSFORMERS_VERBOSITY=info` for more details.
The following generation flags are not valid and may be ignored: ['temperature', 'top_p', 'top_k']. Set `TRANSFORMERS_VERBOSITY=info` for more details.
The following generation flags are not valid and may be ignored: ['temperature', 'top_p', 'top_k']. Set `TRANSFORMERS_VERBOSITY=info` for more details.
The following generation flags are not valid and may be ignored: ['temperature', 'top_p', 'top_k']. Set `TRANSFORMERS_VERBOSITY=info` for more details.
The following generation flags are not valid and may be ignored: ['temperature', 'top_p', 'top_k']. Set `TRANSFORMERS_VERBOSITY=info` for more details.
The following generation flags are not valid and may be ignored: ['temperature', 'top_p', 'top_k']. Set `TRANSFORMERS_VERBOSITY=info` for more details.
The following generation flags are not valid and may be ignored: ['temperature', 'top_p', 'top_k']. Set `TRANSFORMERS_VERBOSITY=info` for more details.
The following generation flags are not valid and may be ignored: ['temperature', 'top_p', 'top_k']. Set `TRANSFORMERS_VERBOSITY=info` for more details.
The following generation flags are not valid and may be ignored: ['temperature', 'top_p', 'top_k']. Set `TRANSFORMERS_VERBOSITY=info` for more details.
The following generation flags are not valid and may be ignored: ['temperature', 'top_p', 'top_k']. Set `TRANSFORMERS_VERBOSITY=info` for more details.
The following generation flags are not valid and may be ignored: ['temperature', 'top_p', 'top_k']. Set `TRANSFORMERS_VERBOSITY=info` for more details.
The following generation flags are not valid and may be ignored: ['temperature', 'top_p', 'top_k']. Set `TRANSFORMERS_VERBOSITY=info` for more details.
The following generation flags are not valid and may be ignored: ['temperature', 'top_p', 'top_k']. Set `TRANSFORMERS_VERBOSITY=info` for more details.
The following generation flags are not valid and may be ignored: ['temperature', 'top_p', 'top_k']. Set `TRANSFORMERS_VERBOSITY=info` for more details.
The following generation flags are not valid and may be ignored: ['temperature', 'top_p', 'top_k']. Set `TRANSFORMERS_VERBOSITY=info` for more details.
The following generation flags are not valid and may be ignored: ['temperature', 'top_p', 'top_k']. Set `TRANSFORMERS_VERBOSITY=info` for more details.
The following generation flags are not valid and may be ignored: ['temperature', 'top_p', 'top_k']. Set `TRANSFORMERS_VERBOSITY=info` for more details.
The following generation flags are not valid and may be ignored: ['temperature', 'top_p', 'top_k']. Set `TRANSFORMERS_VERBOSITY=info` for more details.
The following generation flags are not valid and may be ignored: ['temperature', 'top_p', 'top_k']. Set `TRANSFORMERS_VERBOSITY=info` for more details.
The following generation flags are not valid and may be ignored: ['temperature', 'top_p', 'top_k']. Set `TRANSFORMERS_VERBOSITY=info` for more details.
The following generation flags are not valid and may be ignored: ['temperature', 'top_p', 'top_k']. Set `TRANSFORMERS_VERBOSITY=info` for more details.
The following generation flags are not valid and may be ignored: ['temperature', 'top_p', 'top_k']. Set `TRANSFORMERS_VERBOSITY=info` for more details.
The following generation flags are not valid and may be ignored: ['temperature', 'top_p', 'top_k']. Set `TRANSFORMERS_VERBOSITY=info` for more details.
The following generation flags are not valid and may be ignored: ['temperature', 'top_p', 'top_k']. Set `TRANSFORMERS_VERBOSITY=info` for more details.
The following generation flags are not valid and may be ignored: ['temperature', 'top_p', 'top_k']. Set `TRANSFORMERS_VERBOSITY=info` for more details.
The following generation flags are not valid and may be ignored: ['temperature', 'top_p', 'top_k']. Set `TRANSFORMERS_VERBOSITY=info` for more details.
The following generation flags are not valid and may be ignored: ['temperature', 'top_p', 'top_k']. Set `TRANSFORMERS_VERBOSITY=info` for more details.
The following generation flags are not valid and may be ignored: ['temperature', 'top_p', 'top_k']. Set `TRANSFORMERS_VERBOSITY=info` for more details.
The following generation flags are not valid and may be ignored: ['temperature', 'top_p', 'top_k']. Set `TRANSFORMERS_VERBOSITY=info` for more details.
The following generation flags are not valid and may be ignored: ['temperature', 'top_p', 'top_k']. Set `TRANSFORMERS_VERBOSITY=info` for more details.
The following generation flags are not valid and may be ignored: ['temperature', 'top_p', 'top_k']. Set `TRANSFORMERS_VERBOSITY=info` for more details.
The following generation flags are not valid and may be ignored: ['temperature', 'top_p', 'top_k']. Set `TRANSFORMERS_VERBOSITY=info` for more details.
The following generation flags are not valid and may be ignored: ['temperature', 'top_p', 'top_k']. Set `TRANSFORMERS_VERBOSITY=info` for more details.
The following generation flags are not valid and may be ignored: ['temperature', 'top_p', 'top_k']. Set `TRANSFORMERS_VERBOSITY=info` for more details.
[Load] float16 on single GPU (cuda:0)
[ZH-Filter] kept 10/20 probes (Δlogp > 0.5). Kept indices: [1, 3, 4, 7, 9, 10, 15, 16, 17, 18]
[Gate] EN baseline acc=90.0% (2 failed: [1, 3]) → WARN (continuing)
[Gate] ZH baseline acc=100.0% (0 failed: []) → PASS
[Stream] Incremental log -> /mnt/e/grow/glogic_b4/test/github/results_v8/Qwen3-8B_mid/stream.jsonl

############################################################
  REPEAT 1/1 (seed=42)
############################################################

==================================================
  CONDITION: baseline (seed=42)
==================================================
  EN acc=90.0% ppl=19.43
  ZH acc=100.0% ppl=42.09
  EN gen_ppl=1.24
  ZH gen_ppl=1.59

==================================================
  CONDITION: uniform_causal (seed=42)
==================================================
[Intervention] Registered 18 hooks on layers [9, 10, 11, 12, 13, 14, 15, 16, 17, 18, 19, 20, 21, 22, 23, 24, 25, 26], mode=uniform_causal
[Verify] All hooks fired. Total calls: 11700, per-layer: {9: 650, 10: 650, 11: 650, 12: 650, 13: 650, 14: 650, 15: 650, 16: 650, 17: 650, 18: 650, 19: 650, 20: 650, 21: 650, 22: 650, 23: 650, 24: 650, 25: 650, 26: 650}
  EN acc=90.0% ppl=174.73
  ZH acc=100.0% ppl=143.87
  EN gen_ppl=1.33
  ZH gen_ppl=1.23

==================================================
  CONDITION: uniform_global (seed=42)
==================================================
[Intervention] Registered 18 hooks on layers [9, 10, 11, 12, 13, 14, 15, 16, 17, 18, 19, 20, 21, 22, 23, 24, 25, 26], mode=uniform_global
[Verify] All hooks fired. Total calls: 11700, per-layer: {9: 650, 10: 650, 11: 650, 12: 650, 13: 650, 14: 650, 15: 650, 16: 650, 17: 650, 18: 650, 19: 650, 20: 650, 21: 650, 22: 650, 23: 650, 24: 650, 25: 650, 26: 650}
  EN acc=90.0% ppl=8.30
  ZH acc=100.0% ppl=18.85
  EN gen_ppl=1.07
  ZH gen_ppl=1.07

==================================================
  CONDITION: shuffle_rows (seed=42)
==================================================
[Intervention] Registered 18 hooks on layers [9, 10, 11, 12, 13, 14, 15, 16, 17, 18, 19, 20, 21, 22, 23, 24, 25, 26], mode=shuffle_rows
[Verify] All hooks fired. Total calls: 11700, per-layer: {9: 650, 10: 650, 11: 650, 12: 650, 13: 650, 14: 650, 15: 650, 16: 650, 17: 650, 18: 650, 19: 650, 20: 650, 21: 650, 22: 650, 23: 650, 24: 650, 25: 650, 26: 650}
  EN acc=90.0% ppl=221.35
  ZH acc=100.0% ppl=235.46
  EN gen_ppl=22.43
  ZH gen_ppl=37.70

Saved -> /mnt/e/grow/glogic_b4/test/github/results_v8/Qwen3-8B_mid/intervention_results.json
[2026-09-06 19:29:27] ✅ DONE Qwen3-8B_mid in 4202s
[2026-09-06 19:29:27] ━━━━━━━━━━━━━━━━━━━━━━━━━━━━━━━━━━━━━━━━
[2026-09-06 19:29:27] ▶ START Qwen3-8B [late]  modes=baseline,uniform_causal,uniform_global,shuffle_rows repeats=1
[2026-09-06 19:29:27] ━━━━━━━━━━━━━━━━━━━━━━━━━━━━━━━━━━━━━━━━
Skipping import of cpp extensions due to incompatible torch version. Please upgrade to torch >= 2.11.0 (found 2.10.0+cu128).
[LayerSplit] Model has 36 layers, split='late' → layers 27..35 (9 layers)
Loading checkpoint shards:   0%|          | 0/5 [00:00<?, ?it/s]Loading checkpoint shards:  20%|██        | 1/5 [00:39<02:38, 39.60s/it]Loading checkpoint shards:  40%|████      | 2/5 [01:13<01:48, 36.18s/it]Loading checkpoint shards:  60%|██████    | 3/5 [01:51<01:13, 36.91s/it]Loading checkpoint shards:  80%|████████  | 4/5 [02:15<00:32, 32.12s/it]Loading checkpoint shards: 100%|██████████| 5/5 [02:25<00:00, 23.86s/it]Loading checkpoint shards: 100%|██████████| 5/5 [02:25<00:00, 29.03s/it]
The following generation flags are not valid and may be ignored: ['temperature', 'top_p', 'top_k']. Set `TRANSFORMERS_VERBOSITY=info` for more details.
The following generation flags are not valid and may be ignored: ['temperature', 'top_p', 'top_k']. Set `TRANSFORMERS_VERBOSITY=info` for more details.
The following generation flags are not valid and may be ignored: ['temperature', 'top_p', 'top_k']. Set `TRANSFORMERS_VERBOSITY=info` for more details.
The following generation flags are not valid and may be ignored: ['temperature', 'top_p', 'top_k']. Set `TRANSFORMERS_VERBOSITY=info` for more details.
The following generation flags are not valid and may be ignored: ['temperature', 'top_p', 'top_k']. Set `TRANSFORMERS_VERBOSITY=info` for more details.
The following generation flags are not valid and may be ignored: ['temperature', 'top_p', 'top_k']. Set `TRANSFORMERS_VERBOSITY=info` for more details.
The following generation flags are not valid and may be ignored: ['temperature', 'top_p', 'top_k']. Set `TRANSFORMERS_VERBOSITY=info` for more details.
The following generation flags are not valid and may be ignored: ['temperature', 'top_p', 'top_k']. Set `TRANSFORMERS_VERBOSITY=info` for more details.
The following generation flags are not valid and may be ignored: ['temperature', 'top_p', 'top_k']. Set `TRANSFORMERS_VERBOSITY=info` for more details.
The following generation flags are not valid and may be ignored: ['temperature', 'top_p', 'top_k']. Set `TRANSFORMERS_VERBOSITY=info` for more details.
The following generation flags are not valid and may be ignored: ['temperature', 'top_p', 'top_k']. Set `TRANSFORMERS_VERBOSITY=info` for more details.
The following generation flags are not valid and may be ignored: ['temperature', 'top_p', 'top_k']. Set `TRANSFORMERS_VERBOSITY=info` for more details.
The following generation flags are not valid and may be ignored: ['temperature', 'top_p', 'top_k']. Set `TRANSFORMERS_VERBOSITY=info` for more details.
The following generation flags are not valid and may be ignored: ['temperature', 'top_p', 'top_k']. Set `TRANSFORMERS_VERBOSITY=info` for more details.
The following generation flags are not valid and may be ignored: ['temperature', 'top_p', 'top_k']. Set `TRANSFORMERS_VERBOSITY=info` for more details.
The following generation flags are not valid and may be ignored: ['temperature', 'top_p', 'top_k']. Set `TRANSFORMERS_VERBOSITY=info` for more details.
The following generation flags are not valid and may be ignored: ['temperature', 'top_p', 'top_k']. Set `TRANSFORMERS_VERBOSITY=info` for more details.
The following generation flags are not valid and may be ignored: ['temperature', 'top_p', 'top_k']. Set `TRANSFORMERS_VERBOSITY=info` for more details.
The following generation flags are not valid and may be ignored: ['temperature', 'top_p', 'top_k']. Set `TRANSFORMERS_VERBOSITY=info` for more details.
The following generation flags are not valid and may be ignored: ['temperature', 'top_p', 'top_k']. Set `TRANSFORMERS_VERBOSITY=info` for more details.
The following generation flags are not valid and may be ignored: ['temperature', 'top_p', 'top_k']. Set `TRANSFORMERS_VERBOSITY=info` for more details.
The following generation flags are not valid and may be ignored: ['temperature', 'top_p', 'top_k']. Set `TRANSFORMERS_VERBOSITY=info` for more details.
The following generation flags are not valid and may be ignored: ['temperature', 'top_p', 'top_k']. Set `TRANSFORMERS_VERBOSITY=info` for more details.
The following generation flags are not valid and may be ignored: ['temperature', 'top_p', 'top_k']. Set `TRANSFORMERS_VERBOSITY=info` for more details.
The following generation flags are not valid and may be ignored: ['temperature', 'top_p', 'top_k']. Set `TRANSFORMERS_VERBOSITY=info` for more details.
The following generation flags are not valid and may be ignored: ['temperature', 'top_p', 'top_k']. Set `TRANSFORMERS_VERBOSITY=info` for more details.
The following generation flags are not valid and may be ignored: ['temperature', 'top_p', 'top_k']. Set `TRANSFORMERS_VERBOSITY=info` for more details.
The following generation flags are not valid and may be ignored: ['temperature', 'top_p', 'top_k']. Set `TRANSFORMERS_VERBOSITY=info` for more details.
The following generation flags are not valid and may be ignored: ['temperature', 'top_p', 'top_k']. Set `TRANSFORMERS_VERBOSITY=info` for more details.
The following generation flags are not valid and may be ignored: ['temperature', 'top_p', 'top_k']. Set `TRANSFORMERS_VERBOSITY=info` for more details.
The following generation flags are not valid and may be ignored: ['temperature', 'top_p', 'top_k']. Set `TRANSFORMERS_VERBOSITY=info` for more details.
The following generation flags are not valid and may be ignored: ['temperature', 'top_p', 'top_k']. Set `TRANSFORMERS_VERBOSITY=info` for more details.
The following generation flags are not valid and may be ignored: ['temperature', 'top_p', 'top_k']. Set `TRANSFORMERS_VERBOSITY=info` for more details.
The following generation flags are not valid and may be ignored: ['temperature', 'top_p', 'top_k']. Set `TRANSFORMERS_VERBOSITY=info` for more details.
The following generation flags are not valid and may be ignored: ['temperature', 'top_p', 'top_k']. Set `TRANSFORMERS_VERBOSITY=info` for more details.
The following generation flags are not valid and may be ignored: ['temperature', 'top_p', 'top_k']. Set `TRANSFORMERS_VERBOSITY=info` for more details.
The following generation flags are not valid and may be ignored: ['temperature', 'top_p', 'top_k']. Set `TRANSFORMERS_VERBOSITY=info` for more details.
The following generation flags are not valid and may be ignored: ['temperature', 'top_p', 'top_k']. Set `TRANSFORMERS_VERBOSITY=info` for more details.
The following generation flags are not valid and may be ignored: ['temperature', 'top_p', 'top_k']. Set `TRANSFORMERS_VERBOSITY=info` for more details.
The following generation flags are not valid and may be ignored: ['temperature', 'top_p', 'top_k']. Set `TRANSFORMERS_VERBOSITY=info` for more details.
[Load] float16 on single GPU (cuda:0)
[ZH-Filter] kept 10/20 probes (Δlogp > 0.5). Kept indices: [1, 3, 4, 7, 9, 10, 15, 16, 17, 18]
[Gate] EN baseline acc=90.0% (2 failed: [1, 3]) → WARN (continuing)
[Gate] ZH baseline acc=100.0% (0 failed: []) → PASS
[Stream] Incremental log -> /mnt/e/grow/glogic_b4/test/github/results_v8/Qwen3-8B_late/stream.jsonl

############################################################
  REPEAT 1/1 (seed=42)
############################################################

==================================================
  CONDITION: baseline (seed=42)
==================================================
  EN acc=90.0% ppl=19.43
  ZH acc=100.0% ppl=42.09
  EN gen_ppl=1.24
  ZH gen_ppl=1.59

==================================================
  CONDITION: uniform_causal (seed=42)
==================================================
[Intervention] Registered 9 hooks on layers [27, 28, 29, 30, 31, 32, 33, 34, 35], mode=uniform_causal
[Verify] All hooks fired. Total calls: 5850, per-layer: {27: 650, 28: 650, 29: 650, 30: 650, 31: 650, 32: 650, 33: 650, 34: 650, 35: 650}
  EN acc=85.0% ppl=29.42
  ZH acc=100.0% ppl=53.40
  EN gen_ppl=5.10
  ZH gen_ppl=11.12

==================================================
  CONDITION: uniform_global (seed=42)
==================================================
[Intervention] Registered 9 hooks on layers [27, 28, 29, 30, 31, 32, 33, 34, 35], mode=uniform_global
[Verify] All hooks fired. Total calls: 5850, per-layer: {27: 650, 28: 650, 29: 650, 30: 650, 31: 650, 32: 650, 33: 650, 34: 650, 35: 650}
  EN acc=85.0% ppl=11.28
  ZH acc=100.0% ppl=19.77
  EN gen_ppl=3.21
  ZH gen_ppl=6.16

==================================================
  CONDITION: shuffle_rows (seed=42)
==================================================
[Intervention] Registered 9 hooks on layers [27, 28, 29, 30, 31, 32, 33, 34, 35], mode=shuffle_rows
[Verify] All hooks fired. Total calls: 5850, per-layer: {27: 650, 28: 650, 29: 650, 30: 650, 31: 650, 32: 650, 33: 650, 34: 650, 35: 650}
  EN acc=90.0% ppl=20.70
  ZH acc=100.0% ppl=41.59
  EN gen_ppl=7.54
  ZH gen_ppl=3.82

Saved -> /mnt/e/grow/glogic_b4/test/github/results_v8/Qwen3-8B_late/intervention_results.json
[2026-09-06 19:34:21] ✅ DONE Qwen3-8B_late in 294s
[2026-09-06 19:34:21] ━━━━━━━━━━━━━━━━━━━━━━━━━━━━━━━━━━━━━━━━
[2026-09-06 19:34:21] ▶ START Qwen3-14B [early]  modes=baseline,uniform_causal,uniform_global,shuffle_rows repeats=1
[2026-09-06 19:34:21] ━━━━━━━━━━━━━━━━━━━━━━━━━━━━━━━━━━━━━━━━
Skipping import of cpp extensions due to incompatible torch version. Please upgrade to torch >= 2.11.0 (found 2.10.0+cu128).
[LayerSplit] Model has 40 layers, split='early' → layers 0..9 (10 layers)
Loading checkpoint shards:   0%|          | 0/8 [00:00<?, ?it/s]Loading checkpoint shards:  12%|█▎        | 1/8 [00:33<03:55, 33.58s/it]Loading checkpoint shards:  25%|██▌       | 2/8 [01:13<03:42, 37.12s/it]Loading checkpoint shards:  38%|███▊      | 3/8 [01:54<03:14, 38.95s/it]Loading checkpoint shards:  50%|█████     | 4/8 [02:35<02:38, 39.73s/it]Loading checkpoint shards:  62%|██████▎   | 5/8 [03:24<02:09, 43.28s/it]Loading checkpoint shards:  75%|███████▌  | 6/8 [04:12<01:29, 44.66s/it]Loading checkpoint shards:  88%|████████▊ | 7/8 [04:47<00:41, 41.73s/it]Loading checkpoint shards: 100%|██████████| 8/8 [05:06<00:00, 34.29s/it]Loading checkpoint shards: 100%|██████████| 8/8 [05:06<00:00, 38.28s/it]
The following generation flags are not valid and may be ignored: ['temperature', 'top_p', 'top_k']. Set `TRANSFORMERS_VERBOSITY=info` for more details.
The following generation flags are not valid and may be ignored: ['temperature', 'top_p', 'top_k']. Set `TRANSFORMERS_VERBOSITY=info` for more details.
The following generation flags are not valid and may be ignored: ['temperature', 'top_p', 'top_k']. Set `TRANSFORMERS_VERBOSITY=info` for more details.
The following generation flags are not valid and may be ignored: ['temperature', 'top_p', 'top_k']. Set `TRANSFORMERS_VERBOSITY=info` for more details.
The following generation flags are not valid and may be ignored: ['temperature', 'top_p', 'top_k']. Set `TRANSFORMERS_VERBOSITY=info` for more details.
The following generation flags are not valid and may be ignored: ['temperature', 'top_p', 'top_k']. Set `TRANSFORMERS_VERBOSITY=info` for more details.
The following generation flags are not valid and may be ignored: ['temperature', 'top_p', 'top_k']. Set `TRANSFORMERS_VERBOSITY=info` for more details.
The following generation flags are not valid and may be ignored: ['temperature', 'top_p', 'top_k']. Set `TRANSFORMERS_VERBOSITY=info` for more details.
The following generation flags are not valid and may be ignored: ['temperature', 'top_p', 'top_k']. Set `TRANSFORMERS_VERBOSITY=info` for more details.
The following generation flags are not valid and may be ignored: ['temperature', 'top_p', 'top_k']. Set `TRANSFORMERS_VERBOSITY=info` for more details.
The following generation flags are not valid and may be ignored: ['temperature', 'top_p', 'top_k']. Set `TRANSFORMERS_VERBOSITY=info` for more details.
The following generation flags are not valid and may be ignored: ['temperature', 'top_p', 'top_k']. Set `TRANSFORMERS_VERBOSITY=info` for more details.
The following generation flags are not valid and may be ignored: ['temperature', 'top_p', 'top_k']. Set `TRANSFORMERS_VERBOSITY=info` for more details.
The following generation flags are not valid and may be ignored: ['temperature', 'top_p', 'top_k']. Set `TRANSFORMERS_VERBOSITY=info` for more details.
The following generation flags are not valid and may be ignored: ['temperature', 'top_p', 'top_k']. Set `TRANSFORMERS_VERBOSITY=info` for more details.
The following generation flags are not valid and may be ignored: ['temperature', 'top_p', 'top_k']. Set `TRANSFORMERS_VERBOSITY=info` for more details.
The following generation flags are not valid and may be ignored: ['temperature', 'top_p', 'top_k']. Set `TRANSFORMERS_VERBOSITY=info` for more details.
The following generation flags are not valid and may be ignored: ['temperature', 'top_p', 'top_k']. Set `TRANSFORMERS_VERBOSITY=info` for more details.
The following generation flags are not valid and may be ignored: ['temperature', 'top_p', 'top_k']. Set `TRANSFORMERS_VERBOSITY=info` for more details.
The following generation flags are not valid and may be ignored: ['temperature', 'top_p', 'top_k']. Set `TRANSFORMERS_VERBOSITY=info` for more details.
The following generation flags are not valid and may be ignored: ['temperature', 'top_p', 'top_k']. Set `TRANSFORMERS_VERBOSITY=info` for more details.
The following generation flags are not valid and may be ignored: ['temperature', 'top_p', 'top_k']. Set `TRANSFORMERS_VERBOSITY=info` for more details.
The following generation flags are not valid and may be ignored: ['temperature', 'top_p', 'top_k']. Set `TRANSFORMERS_VERBOSITY=info` for more details.
The following generation flags are not valid and may be ignored: ['temperature', 'top_p', 'top_k']. Set `TRANSFORMERS_VERBOSITY=info` for more details.
The following generation flags are not valid and may be ignored: ['temperature', 'top_p', 'top_k']. Set `TRANSFORMERS_VERBOSITY=info` for more details.
The following generation flags are not valid and may be ignored: ['temperature', 'top_p', 'top_k']. Set `TRANSFORMERS_VERBOSITY=info` for more details.
The following generation flags are not valid and may be ignored: ['temperature', 'top_p', 'top_k']. Set `TRANSFORMERS_VERBOSITY=info` for more details.
The following generation flags are not valid and may be ignored: ['temperature', 'top_p', 'top_k']. Set `TRANSFORMERS_VERBOSITY=info` for more details.
The following generation flags are not valid and may be ignored: ['temperature', 'top_p', 'top_k']. Set `TRANSFORMERS_VERBOSITY=info` for more details.
The following generation flags are not valid and may be ignored: ['temperature', 'top_p', 'top_k']. Set `TRANSFORMERS_VERBOSITY=info` for more details.
The following generation flags are not valid and may be ignored: ['temperature', 'top_p', 'top_k']. Set `TRANSFORMERS_VERBOSITY=info` for more details.
The following generation flags are not valid and may be ignored: ['temperature', 'top_p', 'top_k']. Set `TRANSFORMERS_VERBOSITY=info` for more details.
The following generation flags are not valid and may be ignored: ['temperature', 'top_p', 'top_k']. Set `TRANSFORMERS_VERBOSITY=info` for more details.
The following generation flags are not valid and may be ignored: ['temperature', 'top_p', 'top_k']. Set `TRANSFORMERS_VERBOSITY=info` for more details.
The following generation flags are not valid and may be ignored: ['temperature', 'top_p', 'top_k']. Set `TRANSFORMERS_VERBOSITY=info` for more details.
The following generation flags are not valid and may be ignored: ['temperature', 'top_p', 'top_k']. Set `TRANSFORMERS_VERBOSITY=info` for more details.
The following generation flags are not valid and may be ignored: ['temperature', 'top_p', 'top_k']. Set `TRANSFORMERS_VERBOSITY=info` for more details.
The following generation flags are not valid and may be ignored: ['temperature', 'top_p', 'top_k']. Set `TRANSFORMERS_VERBOSITY=info` for more details.
The following generation flags are not valid and may be ignored: ['temperature', 'top_p', 'top_k']. Set `TRANSFORMERS_VERBOSITY=info` for more details.
The following generation flags are not valid and may be ignored: ['temperature', 'top_p', 'top_k']. Set `TRANSFORMERS_VERBOSITY=info` for more details.
[Load] INT4 quantization (NF4, double quant, compute=float16)
[ZH-Filter] kept 9/20 probes (Δlogp > 0.5). Kept indices: [1, 3, 4, 7, 8, 15, 16, 17, 18]
[Gate] EN baseline acc=90.0% (2 failed: [1, 3]) → WARN (continuing)
[Gate] ZH baseline acc=100.0% (0 failed: []) → PASS
[Stream] Incremental log -> /mnt/e/grow/glogic_b4/test/github/results_v8/Qwen3-14B_early/stream.jsonl

############################################################
  REPEAT 1/1 (seed=42)
############################################################

==================================================
  CONDITION: baseline (seed=42)
==================================================
  EN acc=90.0% ppl=28.20
  ZH acc=100.0% ppl=40.85
  EN gen_ppl=1.33
  ZH gen_ppl=1.53

==================================================
  CONDITION: uniform_causal (seed=42)
==================================================
[Intervention] Registered 10 hooks on layers [0, 1, 2, 3, 4, 5, 6, 7, 8, 9], mode=uniform_causal
[Verify] All hooks fired. Total calls: 6480, per-layer: {0: 648, 1: 648, 2: 648, 3: 648, 4: 648, 5: 648, 6: 648, 7: 648, 8: 648, 9: 648}
  EN acc=85.0% ppl=24940.48
  ZH acc=77.8% ppl=78130.75
  EN gen_ppl=403.82
  ZH gen_ppl=407.60

==================================================
  CONDITION: uniform_global (seed=42)
==================================================
[Intervention] Registered 10 hooks on layers [0, 1, 2, 3, 4, 5, 6, 7, 8, 9], mode=uniform_global
[Verify] All hooks fired. Total calls: 6480, per-layer: {0: 648, 1: 648, 2: 648, 3: 648, 4: 648, 5: 648, 6: 648, 7: 648, 8: 648, 9: 648}
  EN acc=85.0% ppl=24217.44
  ZH acc=66.7% ppl=288039.22
  EN gen_ppl=184.78
  ZH gen_ppl=206.07

==================================================
  CONDITION: shuffle_rows (seed=42)
==================================================
[Intervention] Registered 10 hooks on layers [0, 1, 2, 3, 4, 5, 6, 7, 8, 9], mode=shuffle_rows
[Verify] All hooks fired. Total calls: 6480, per-layer: {0: 648, 1: 648, 2: 648, 3: 648, 4: 648, 5: 648, 6: 648, 7: 648, 8: 648, 9: 648}
  EN acc=85.0% ppl=4327.21
  ZH acc=77.8% ppl=9164.19
  EN gen_ppl=213.72
  ZH gen_ppl=694.75

Saved -> /mnt/e/grow/glogic_b4/test/github/results_v8/Qwen3-14B_early/intervention_results.json
[2026-09-06 19:43:45] ✅ DONE Qwen3-14B_early in 564s
[2026-09-06 19:43:45] ━━━━━━━━━━━━━━━━━━━━━━━━━━━━━━━━━━━━━━━━
[2026-09-06 19:43:45] ▶ START Qwen3-14B [early]_shuffvar  modes=shuffle_rows repeats=3
[2026-09-06 19:43:45] ━━━━━━━━━━━━━━━━━━━━━━━━━━━━━━━━━━━━━━━━
Skipping import of cpp extensions due to incompatible torch version. Please upgrade to torch >= 2.11.0 (found 2.10.0+cu128).
[LayerSplit] Model has 40 layers, split='early' → layers 0..9 (10 layers)
Loading checkpoint shards:   0%|          | 0/8 [00:00<?, ?it/s]Loading checkpoint shards:  12%|█▎        | 1/8 [00:34<04:04, 34.89s/it]Loading checkpoint shards:  25%|██▌       | 2/8 [01:12<03:37, 36.26s/it]Loading checkpoint shards:  38%|███▊      | 3/8 [01:52<03:09, 37.97s/it]Loading checkpoint shards:  50%|█████     | 4/8 [02:30<02:32, 38.06s/it]Loading checkpoint shards:  62%|██████▎   | 5/8 [03:16<02:03, 41.06s/it]Loading checkpoint shards:  75%|███████▌  | 6/8 [04:02<01:25, 42.77s/it]Loading checkpoint shards:  88%|████████▊ | 7/8 [04:38<00:40, 40.47s/it]Loading checkpoint shards: 100%|██████████| 8/8 [04:54<00:00, 32.79s/it]Loading checkpoint shards: 100%|██████████| 8/8 [04:54<00:00, 36.86s/it]
[Load] INT4 quantization (NF4, double quant, compute=float16)
[ZH-Filter] kept 9/20 probes (Δlogp > 0.5). Kept indices: [1, 3, 4, 7, 8, 15, 16, 17, 18]
[Gate] EN baseline acc=90.0% (2 failed: [1, 3]) → WARN (continuing)
[Gate] ZH baseline acc=100.0% (0 failed: []) → PASS
[Stream] Incremental log -> /mnt/e/grow/glogic_b4/test/github/results_v8/Qwen3-14B_early_shuffvar/stream.jsonl

############################################################
  REPEAT 1/3 (seed=42)
############################################################

==================================================
  CONDITION: shuffle_rows (seed=42)
==================================================
[Intervention] Registered 10 hooks on layers [0, 1, 2, 3, 4, 5, 6, 7, 8, 9], mode=shuffle_rows
[Verify] All hooks fired. Total calls: 380, per-layer: {0: 38, 1: 38, 2: 38, 3: 38, 4: 38, 5: 38, 6: 38, 7: 38, 8: 38, 9: 38}
  EN acc=85.0% ppl=4327.21
  ZH acc=77.8% ppl=9164.19

############################################################
  REPEAT 2/3 (seed=43)
############################################################

==================================================
  CONDITION: shuffle_rows (seed=43)
==================================================
[Intervention] Registered 10 hooks on layers [0, 1, 2, 3, 4, 5, 6, 7, 8, 9], mode=shuffle_rows
[Verify] All hooks fired. Total calls: 380, per-layer: {0: 38, 1: 38, 2: 38, 3: 38, 4: 38, 5: 38, 6: 38, 7: 38, 8: 38, 9: 38}
  EN acc=85.0% ppl=7382.81
  ZH acc=88.9% ppl=21236.11

############################################################
  REPEAT 3/3 (seed=44)
############################################################

==================================================
  CONDITION: shuffle_rows (seed=44)
==================================================
[Intervention] Registered 10 hooks on layers [0, 1, 2, 3, 4, 5, 6, 7, 8, 9], mode=shuffle_rows
[Verify] All hooks fired. Total calls: 380, per-layer: {0: 38, 1: 38, 2: 38, 3: 38, 4: 38, 5: 38, 6: 38, 7: 38, 8: 38, 9: 38}
  EN acc=85.0% ppl=4716.36
  ZH acc=77.8% ppl=82616.31

============================================================
SUMMARY (mean ± std across repeats)
============================================================
  shuffle_rows         | EN acc=85.0±0.0% ZH acc=81.5±5.2%

Saved -> /mnt/e/grow/glogic_b4/test/github/results_v8/Qwen3-14B_early_shuffvar/intervention_results.json
[2026-09-06 19:49:05] ✅ DONE Qwen3-14B_early_shuffvar in 320s
[2026-09-06 19:49:05] ━━━━━━━━━━━━━━━━━━━━━━━━━━━━━━━━━━━━━━━━
[2026-09-06 19:49:05] ▶ START Qwen3-14B [mid]  modes=baseline,uniform_causal,uniform_global,shuffle_rows repeats=1
[2026-09-06 19:49:05] ━━━━━━━━━━━━━━━━━━━━━━━━━━━━━━━━━━━━━━━━
Skipping import of cpp extensions due to incompatible torch version. Please upgrade to torch >= 2.11.0 (found 2.10.0+cu128).
[LayerSplit] Model has 40 layers, split='mid' → layers 10..29 (20 layers)
Loading checkpoint shards:   0%|          | 0/8 [00:00<?, ?it/s]Loading checkpoint shards:  12%|█▎        | 1/8 [00:35<04:06, 35.21s/it]Loading checkpoint shards:  25%|██▌       | 2/8 [01:12<03:39, 36.66s/it]Loading checkpoint shards:  38%|███▊      | 3/8 [01:56<03:18, 39.75s/it]Loading checkpoint shards:  50%|█████     | 4/8 [02:34<02:36, 39.11s/it]Loading checkpoint shards:  62%|██████▎   | 5/8 [03:20<02:05, 41.73s/it]Loading checkpoint shards:  75%|███████▌  | 6/8 [04:13<01:30, 45.40s/it]Loading checkpoint shards:  88%|████████▊ | 7/8 [04:47<00:41, 41.88s/it]Loading checkpoint shards: 100%|██████████| 8/8 [05:09<00:00, 35.41s/it]Loading checkpoint shards: 100%|██████████| 8/8 [05:09<00:00, 38.69s/it]
The following generation flags are not valid and may be ignored: ['temperature', 'top_p', 'top_k']. Set `TRANSFORMERS_VERBOSITY=info` for more details.
The following generation flags are not valid and may be ignored: ['temperature', 'top_p', 'top_k']. Set `TRANSFORMERS_VERBOSITY=info` for more details.
The following generation flags are not valid and may be ignored: ['temperature', 'top_p', 'top_k']. Set `TRANSFORMERS_VERBOSITY=info` for more details.
The following generation flags are not valid and may be ignored: ['temperature', 'top_p', 'top_k']. Set `TRANSFORMERS_VERBOSITY=info` for more details.
The following generation flags are not valid and may be ignored: ['temperature', 'top_p', 'top_k']. Set `TRANSFORMERS_VERBOSITY=info` for more details.
The following generation flags are not valid and may be ignored: ['temperature', 'top_p', 'top_k']. Set `TRANSFORMERS_VERBOSITY=info` for more details.
The following generation flags are not valid and may be ignored: ['temperature', 'top_p', 'top_k']. Set `TRANSFORMERS_VERBOSITY=info` for more details.
The following generation flags are not valid and may be ignored: ['temperature', 'top_p', 'top_k']. Set `TRANSFORMERS_VERBOSITY=info` for more details.
The following generation flags are not valid and may be ignored: ['temperature', 'top_p', 'top_k']. Set `TRANSFORMERS_VERBOSITY=info` for more details.
The following generation flags are not valid and may be ignored: ['temperature', 'top_p', 'top_k']. Set `TRANSFORMERS_VERBOSITY=info` for more details.
The following generation flags are not valid and may be ignored: ['temperature', 'top_p', 'top_k']. Set `TRANSFORMERS_VERBOSITY=info` for more details.
The following generation flags are not valid and may be ignored: ['temperature', 'top_p', 'top_k']. Set `TRANSFORMERS_VERBOSITY=info` for more details.
The following generation flags are not valid and may be ignored: ['temperature', 'top_p', 'top_k']. Set `TRANSFORMERS_VERBOSITY=info` for more details.
The following generation flags are not valid and may be ignored: ['temperature', 'top_p', 'top_k']. Set `TRANSFORMERS_VERBOSITY=info` for more details.
The following generation flags are not valid and may be ignored: ['temperature', 'top_p', 'top_k']. Set `TRANSFORMERS_VERBOSITY=info` for more details.
The following generation flags are not valid and may be ignored: ['temperature', 'top_p', 'top_k']. Set `TRANSFORMERS_VERBOSITY=info` for more details.
The following generation flags are not valid and may be ignored: ['temperature', 'top_p', 'top_k']. Set `TRANSFORMERS_VERBOSITY=info` for more details.
The following generation flags are not valid and may be ignored: ['temperature', 'top_p', 'top_k']. Set `TRANSFORMERS_VERBOSITY=info` for more details.
The following generation flags are not valid and may be ignored: ['temperature', 'top_p', 'top_k']. Set `TRANSFORMERS_VERBOSITY=info` for more details.
The following generation flags are not valid and may be ignored: ['temperature', 'top_p', 'top_k']. Set `TRANSFORMERS_VERBOSITY=info` for more details.
The following generation flags are not valid and may be ignored: ['temperature', 'top_p', 'top_k']. Set `TRANSFORMERS_VERBOSITY=info` for more details.
The following generation flags are not valid and may be ignored: ['temperature', 'top_p', 'top_k']. Set `TRANSFORMERS_VERBOSITY=info` for more details.
The following generation flags are not valid and may be ignored: ['temperature', 'top_p', 'top_k']. Set `TRANSFORMERS_VERBOSITY=info` for more details.
The following generation flags are not valid and may be ignored: ['temperature', 'top_p', 'top_k']. Set `TRANSFORMERS_VERBOSITY=info` for more details.
The following generation flags are not valid and may be ignored: ['temperature', 'top_p', 'top_k']. Set `TRANSFORMERS_VERBOSITY=info` for more details.
The following generation flags are not valid and may be ignored: ['temperature', 'top_p', 'top_k']. Set `TRANSFORMERS_VERBOSITY=info` for more details.
The following generation flags are not valid and may be ignored: ['temperature', 'top_p', 'top_k']. Set `TRANSFORMERS_VERBOSITY=info` for more details.
The following generation flags are not valid and may be ignored: ['temperature', 'top_p', 'top_k']. Set `TRANSFORMERS_VERBOSITY=info` for more details.
The following generation flags are not valid and may be ignored: ['temperature', 'top_p', 'top_k']. Set `TRANSFORMERS_VERBOSITY=info` for more details.
The following generation flags are not valid and may be ignored: ['temperature', 'top_p', 'top_k']. Set `TRANSFORMERS_VERBOSITY=info` for more details.
The following generation flags are not valid and may be ignored: ['temperature', 'top_p', 'top_k']. Set `TRANSFORMERS_VERBOSITY=info` for more details.
The following generation flags are not valid and may be ignored: ['temperature', 'top_p', 'top_k']. Set `TRANSFORMERS_VERBOSITY=info` for more details.
The following generation flags are not valid and may be ignored: ['temperature', 'top_p', 'top_k']. Set `TRANSFORMERS_VERBOSITY=info` for more details.
The following generation flags are not valid and may be ignored: ['temperature', 'top_p', 'top_k']. Set `TRANSFORMERS_VERBOSITY=info` for more details.
The following generation flags are not valid and may be ignored: ['temperature', 'top_p', 'top_k']. Set `TRANSFORMERS_VERBOSITY=info` for more details.
The following generation flags are not valid and may be ignored: ['temperature', 'top_p', 'top_k']. Set `TRANSFORMERS_VERBOSITY=info` for more details.
The following generation flags are not valid and may be ignored: ['temperature', 'top_p', 'top_k']. Set `TRANSFORMERS_VERBOSITY=info` for more details.
The following generation flags are not valid and may be ignored: ['temperature', 'top_p', 'top_k']. Set `TRANSFORMERS_VERBOSITY=info` for more details.
The following generation flags are not valid and may be ignored: ['temperature', 'top_p', 'top_k']. Set `TRANSFORMERS_VERBOSITY=info` for more details.
The following generation flags are not valid and may be ignored: ['temperature', 'top_p', 'top_k']. Set `TRANSFORMERS_VERBOSITY=info` for more details.
[Load] INT4 quantization (NF4, double quant, compute=float16)
[ZH-Filter] kept 9/20 probes (Δlogp > 0.5). Kept indices: [1, 3, 4, 7, 8, 15, 16, 17, 18]
[Gate] EN baseline acc=90.0% (2 failed: [1, 3]) → WARN (continuing)
[Gate] ZH baseline acc=100.0% (0 failed: []) → PASS
[Stream] Incremental log -> /mnt/e/grow/glogic_b4/test/github/results_v8/Qwen3-14B_mid/stream.jsonl

############################################################
  REPEAT 1/1 (seed=42)
############################################################

==================================================
  CONDITION: baseline (seed=42)
==================================================
  EN acc=90.0% ppl=28.20
  ZH acc=100.0% ppl=40.85
  EN gen_ppl=1.33
  ZH gen_ppl=1.53

==================================================
  CONDITION: uniform_causal (seed=42)
==================================================
[Intervention] Registered 20 hooks on layers [10, 11, 12, 13, 14, 15, 16, 17, 18, 19, 20, 21, 22, 23, 24, 25, 26, 27, 28, 29], mode=uniform_causal
[Verify] All hooks fired. Total calls: 12960, per-layer: {10: 648, 11: 648, 12: 648, 13: 648, 14: 648, 15: 648, 16: 648, 17: 648, 18: 648, 19: 648, 20: 648, 21: 648, 22: 648, 23: 648, 24: 648, 25: 648, 26: 648, 27: 648, 28: 648, 29: 648}
  EN acc=90.0% ppl=263.52
  ZH acc=88.9% ppl=220.71
  EN gen_ppl=1.24
  ZH gen_ppl=1.20

==================================================
  CONDITION: uniform_global (seed=42)
==================================================
[Intervention] Registered 20 hooks on layers [10, 11, 12, 13, 14, 15, 16, 17, 18, 19, 20, 21, 22, 23, 24, 25, 26, 27, 28, 29], mode=uniform_global
[Verify] All hooks fired. Total calls: 12960, per-layer: {10: 648, 11: 648, 12: 648, 13: 648, 14: 648, 15: 648, 16: 648, 17: 648, 18: 648, 19: 648, 20: 648, 21: 648, 22: 648, 23: 648, 24: 648, 25: 648, 26: 648, 27: 648, 28: 648, 29: 648}
  EN acc=90.0% ppl=18.45
  ZH acc=88.9% ppl=52.24
  EN gen_ppl=1.06
  ZH gen_ppl=1.10

==================================================
  CONDITION: shuffle_rows (seed=42)
==================================================
[Intervention] Registered 20 hooks on layers [10, 11, 12, 13, 14, 15, 16, 17, 18, 19, 20, 21, 22, 23, 24, 25, 26, 27, 28, 29], mode=shuffle_rows
[Verify] All hooks fired. Total calls: 12960, per-layer: {10: 648, 11: 648, 12: 648, 13: 648, 14: 648, 15: 648, 16: 648, 17: 648, 18: 648, 19: 648, 20: 648, 21: 648, 22: 648, 23: 648, 24: 648, 25: 648, 26: 648, 27: 648, 28: 648, 29: 648}
  EN acc=90.0% ppl=128.56
  ZH acc=88.9% ppl=139.43
  EN gen_ppl=11.32
  ZH gen_ppl=17.99

Saved -> /mnt/e/grow/glogic_b4/test/github/results_v8/Qwen3-14B_mid/intervention_results.json
[2026-09-06 19:58:37] ✅ DONE Qwen3-14B_mid in 572s
[2026-09-06 19:58:37] ━━━━━━━━━━━━━━━━━━━━━━━━━━━━━━━━━━━━━━━━
[2026-09-06 19:58:37] ▶ START Qwen3-14B [late]  modes=baseline,uniform_causal,uniform_global,shuffle_rows repeats=1
[2026-09-06 19:58:37] ━━━━━━━━━━━━━━━━━━━━━━━━━━━━━━━━━━━━━━━━
Skipping import of cpp extensions due to incompatible torch version. Please upgrade to torch >= 2.11.0 (found 2.10.0+cu128).
[LayerSplit] Model has 40 layers, split='late' → layers 30..39 (10 layers)
Loading checkpoint shards:   0%|          | 0/8 [00:00<?, ?it/s]Loading checkpoint shards:  12%|█▎        | 1/8 [00:32<03:45, 32.18s/it]Loading checkpoint shards:  25%|██▌       | 2/8 [01:09<03:31, 35.32s/it]Loading checkpoint shards:  38%|███▊      | 3/8 [01:46<02:59, 35.81s/it]Loading checkpoint shards:  50%|█████     | 4/8 [02:23<02:25, 36.28s/it]Loading checkpoint shards:  62%|██████▎   | 5/8 [03:09<01:59, 39.79s/it]Loading checkpoint shards:  75%|███████▌  | 6/8 [03:51<01:21, 40.62s/it]Loading checkpoint shards:  88%|████████▊ | 7/8 [04:24<00:38, 38.07s/it]Loading checkpoint shards: 100%|██████████| 8/8 [04:41<00:00, 31.61s/it]Loading checkpoint shards: 100%|██████████| 8/8 [04:41<00:00, 35.24s/it]
The following generation flags are not valid and may be ignored: ['temperature', 'top_p', 'top_k']. Set `TRANSFORMERS_VERBOSITY=info` for more details.
The following generation flags are not valid and may be ignored: ['temperature', 'top_p', 'top_k']. Set `TRANSFORMERS_VERBOSITY=info` for more details.
The following generation flags are not valid and may be ignored: ['temperature', 'top_p', 'top_k']. Set `TRANSFORMERS_VERBOSITY=info` for more details.
The following generation flags are not valid and may be ignored: ['temperature', 'top_p', 'top_k']. Set `TRANSFORMERS_VERBOSITY=info` for more details.
The following generation flags are not valid and may be ignored: ['temperature', 'top_p', 'top_k']. Set `TRANSFORMERS_VERBOSITY=info` for more details.
The following generation flags are not valid and may be ignored: ['temperature', 'top_p', 'top_k']. Set `TRANSFORMERS_VERBOSITY=info` for more details.
The following generation flags are not valid and may be ignored: ['temperature', 'top_p', 'top_k']. Set `TRANSFORMERS_VERBOSITY=info` for more details.
The following generation flags are not valid and may be ignored: ['temperature', 'top_p', 'top_k']. Set `TRANSFORMERS_VERBOSITY=info` for more details.
The following generation flags are not valid and may be ignored: ['temperature', 'top_p', 'top_k']. Set `TRANSFORMERS_VERBOSITY=info` for more details.
The following generation flags are not valid and may be ignored: ['temperature', 'top_p', 'top_k']. Set `TRANSFORMERS_VERBOSITY=info` for more details.
The following generation flags are not valid and may be ignored: ['temperature', 'top_p', 'top_k']. Set `TRANSFORMERS_VERBOSITY=info` for more details.
The following generation flags are not valid and may be ignored: ['temperature', 'top_p', 'top_k']. Set `TRANSFORMERS_VERBOSITY=info` for more details.
The following generation flags are not valid and may be ignored: ['temperature', 'top_p', 'top_k']. Set `TRANSFORMERS_VERBOSITY=info` for more details.
The following generation flags are not valid and may be ignored: ['temperature', 'top_p', 'top_k']. Set `TRANSFORMERS_VERBOSITY=info` for more details.
The following generation flags are not valid and may be ignored: ['temperature', 'top_p', 'top_k']. Set `TRANSFORMERS_VERBOSITY=info` for more details.
The following generation flags are not valid and may be ignored: ['temperature', 'top_p', 'top_k']. Set `TRANSFORMERS_VERBOSITY=info` for more details.
The following generation flags are not valid and may be ignored: ['temperature', 'top_p', 'top_k']. Set `TRANSFORMERS_VERBOSITY=info` for more details.
The following generation flags are not valid and may be ignored: ['temperature', 'top_p', 'top_k']. Set `TRANSFORMERS_VERBOSITY=info` for more details.
The following generation flags are not valid and may be ignored: ['temperature', 'top_p', 'top_k']. Set `TRANSFORMERS_VERBOSITY=info` for more details.
The following generation flags are not valid and may be ignored: ['temperature', 'top_p', 'top_k']. Set `TRANSFORMERS_VERBOSITY=info` for more details.
The following generation flags are not valid and may be ignored: ['temperature', 'top_p', 'top_k']. Set `TRANSFORMERS_VERBOSITY=info` for more details.
The following generation flags are not valid and may be ignored: ['temperature', 'top_p', 'top_k']. Set `TRANSFORMERS_VERBOSITY=info` for more details.
The following generation flags are not valid and may be ignored: ['temperature', 'top_p', 'top_k']. Set `TRANSFORMERS_VERBOSITY=info` for more details.
The following generation flags are not valid and may be ignored: ['temperature', 'top_p', 'top_k']. Set `TRANSFORMERS_VERBOSITY=info` for more details.
The following generation flags are not valid and may be ignored: ['temperature', 'top_p', 'top_k']. Set `TRANSFORMERS_VERBOSITY=info` for more details.
The following generation flags are not valid and may be ignored: ['temperature', 'top_p', 'top_k']. Set `TRANSFORMERS_VERBOSITY=info` for more details.
The following generation flags are not valid and may be ignored: ['temperature', 'top_p', 'top_k']. Set `TRANSFORMERS_VERBOSITY=info` for more details.
The following generation flags are not valid and may be ignored: ['temperature', 'top_p', 'top_k']. Set `TRANSFORMERS_VERBOSITY=info` for more details.
The following generation flags are not valid and may be ignored: ['temperature', 'top_p', 'top_k']. Set `TRANSFORMERS_VERBOSITY=info` for more details.
The following generation flags are not valid and may be ignored: ['temperature', 'top_p', 'top_k']. Set `TRANSFORMERS_VERBOSITY=info` for more details.
The following generation flags are not valid and may be ignored: ['temperature', 'top_p', 'top_k']. Set `TRANSFORMERS_VERBOSITY=info` for more details.
The following generation flags are not valid and may be ignored: ['temperature', 'top_p', 'top_k']. Set `TRANSFORMERS_VERBOSITY=info` for more details.
The following generation flags are not valid and may be ignored: ['temperature', 'top_p', 'top_k']. Set `TRANSFORMERS_VERBOSITY=info` for more details.
The following generation flags are not valid and may be ignored: ['temperature', 'top_p', 'top_k']. Set `TRANSFORMERS_VERBOSITY=info` for more details.
The following generation flags are not valid and may be ignored: ['temperature', 'top_p', 'top_k']. Set `TRANSFORMERS_VERBOSITY=info` for more details.
The following generation flags are not valid and may be ignored: ['temperature', 'top_p', 'top_k']. Set `TRANSFORMERS_VERBOSITY=info` for more details.
The following generation flags are not valid and may be ignored: ['temperature', 'top_p', 'top_k']. Set `TRANSFORMERS_VERBOSITY=info` for more details.
The following generation flags are not valid and may be ignored: ['temperature', 'top_p', 'top_k']. Set `TRANSFORMERS_VERBOSITY=info` for more details.
The following generation flags are not valid and may be ignored: ['temperature', 'top_p', 'top_k']. Set `TRANSFORMERS_VERBOSITY=info` for more details.
The following generation flags are not valid and may be ignored: ['temperature', 'top_p', 'top_k']. Set `TRANSFORMERS_VERBOSITY=info` for more details.
[Load] INT4 quantization (NF4, double quant, compute=float16)
[ZH-Filter] kept 9/20 probes (Δlogp > 0.5). Kept indices: [1, 3, 4, 7, 8, 15, 16, 17, 18]
[Gate] EN baseline acc=90.0% (2 failed: [1, 3]) → WARN (continuing)
[Gate] ZH baseline acc=100.0% (0 failed: []) → PASS
[Stream] Incremental log -> /mnt/e/grow/glogic_b4/test/github/results_v8/Qwen3-14B_late/stream.jsonl

############################################################
  REPEAT 1/1 (seed=42)
############################################################

==================================================
  CONDITION: baseline (seed=42)
==================================================
  EN acc=90.0% ppl=28.20
  ZH acc=100.0% ppl=40.85
  EN gen_ppl=1.33
  ZH gen_ppl=1.53

==================================================
  CONDITION: uniform_causal (seed=42)
==================================================
[Intervention] Registered 10 hooks on layers [30, 31, 32, 33, 34, 35, 36, 37, 38, 39], mode=uniform_causal
[Verify] All hooks fired. Total calls: 6480, per-layer: {30: 648, 31: 648, 32: 648, 33: 648, 34: 648, 35: 648, 36: 648, 37: 648, 38: 648, 39: 648}
  EN acc=90.0% ppl=90.81
  ZH acc=88.9% ppl=140.88
  EN gen_ppl=2.00
  ZH gen_ppl=13.20

==================================================
  CONDITION: uniform_global (seed=42)
==================================================
[Intervention] Registered 10 hooks on layers [30, 31, 32, 33, 34, 35, 36, 37, 38, 39], mode=uniform_global
[Verify] All hooks fired. Total calls: 6480, per-layer: {30: 648, 31: 648, 32: 648, 33: 648, 34: 648, 35: 648, 36: 648, 37: 648, 38: 648, 39: 648}
  EN acc=85.0% ppl=33.83
  ZH acc=88.9% ppl=61.25
  EN gen_ppl=2.51
  ZH gen_ppl=331.79

==================================================
  CONDITION: shuffle_rows (seed=42)
==================================================
[Intervention] Registered 10 hooks on layers [30, 31, 32, 33, 34, 35, 36, 37, 38, 39], mode=shuffle_rows
[Verify] All hooks fired. Total calls: 6480, per-layer: {30: 648, 31: 648, 32: 648, 33: 648, 34: 648, 35: 648, 36: 648, 37: 648, 38: 648, 39: 648}
  EN acc=85.0% ppl=59.78
  ZH acc=88.9% ppl=91.13
  EN gen_ppl=4.09
  ZH gen_ppl=4.17

Saved -> /mnt/e/grow/glogic_b4/test/github/results_v8/Qwen3-14B_late/intervention_results.json
[2026-09-06 20:07:44] ✅ DONE Qwen3-14B_late in 547s
[2026-09-06 20:07:44] ━━━━━━━━━━━━━━━━━━━━━━━━━━━━━━━━━━━━━━━━
[2026-09-06 20:07:44] ▶ START Llama-3.1-8B [early]  modes=baseline,uniform_causal,uniform_global,shuffle_rows repeats=1
[2026-09-06 20:07:44] ━━━━━━━━━━━━━━━━━━━━━━━━━━━━━━━━━━━━━━━━
Skipping import of cpp extensions due to incompatible torch version. Please upgrade to torch >= 2.11.0 (found 2.10.0+cu128).
[LayerSplit] Model has 32 layers, split='early' → layers 0..7 (8 layers)
Loading checkpoint shards:   0%|          | 0/4 [00:00<?, ?it/s]Loading checkpoint shards:  25%|██▌       | 1/4 [00:29<01:27, 29.27s/it]Loading checkpoint shards:  50%|█████     | 2/4 [01:01<01:01, 30.78s/it]Loading checkpoint shards:  75%|███████▌  | 3/4 [01:27<00:28, 28.98s/it]Loading checkpoint shards: 100%|██████████| 4/4 [01:34<00:00, 19.97s/it]Loading checkpoint shards: 100%|██████████| 4/4 [01:34<00:00, 23.53s/it]
The following generation flags are not valid and may be ignored: ['temperature', 'top_p']. Set `TRANSFORMERS_VERBOSITY=info` for more details.
The following generation flags are not valid and may be ignored: ['temperature', 'top_p']. Set `TRANSFORMERS_VERBOSITY=info` for more details.
The following generation flags are not valid and may be ignored: ['temperature', 'top_p']. Set `TRANSFORMERS_VERBOSITY=info` for more details.
The following generation flags are not valid and may be ignored: ['temperature', 'top_p']. Set `TRANSFORMERS_VERBOSITY=info` for more details.
The following generation flags are not valid and may be ignored: ['temperature', 'top_p']. Set `TRANSFORMERS_VERBOSITY=info` for more details.
The following generation flags are not valid and may be ignored: ['temperature', 'top_p']. Set `TRANSFORMERS_VERBOSITY=info` for more details.
The following generation flags are not valid and may be ignored: ['temperature', 'top_p']. Set `TRANSFORMERS_VERBOSITY=info` for more details.
The following generation flags are not valid and may be ignored: ['temperature', 'top_p']. Set `TRANSFORMERS_VERBOSITY=info` for more details.
The following generation flags are not valid and may be ignored: ['temperature', 'top_p']. Set `TRANSFORMERS_VERBOSITY=info` for more details.
The following generation flags are not valid and may be ignored: ['temperature', 'top_p']. Set `TRANSFORMERS_VERBOSITY=info` for more details.
The following generation flags are not valid and may be ignored: ['temperature', 'top_p']. Set `TRANSFORMERS_VERBOSITY=info` for more details.
The following generation flags are not valid and may be ignored: ['temperature', 'top_p']. Set `TRANSFORMERS_VERBOSITY=info` for more details.
The following generation flags are not valid and may be ignored: ['temperature', 'top_p']. Set `TRANSFORMERS_VERBOSITY=info` for more details.
The following generation flags are not valid and may be ignored: ['temperature', 'top_p']. Set `TRANSFORMERS_VERBOSITY=info` for more details.
The following generation flags are not valid and may be ignored: ['temperature', 'top_p']. Set `TRANSFORMERS_VERBOSITY=info` for more details.
The following generation flags are not valid and may be ignored: ['temperature', 'top_p']. Set `TRANSFORMERS_VERBOSITY=info` for more details.
The following generation flags are not valid and may be ignored: ['temperature', 'top_p']. Set `TRANSFORMERS_VERBOSITY=info` for more details.
The following generation flags are not valid and may be ignored: ['temperature', 'top_p']. Set `TRANSFORMERS_VERBOSITY=info` for more details.
The following generation flags are not valid and may be ignored: ['temperature', 'top_p']. Set `TRANSFORMERS_VERBOSITY=info` for more details.
The following generation flags are not valid and may be ignored: ['temperature', 'top_p']. Set `TRANSFORMERS_VERBOSITY=info` for more details.
The following generation flags are not valid and may be ignored: ['temperature', 'top_p']. Set `TRANSFORMERS_VERBOSITY=info` for more details.
The following generation flags are not valid and may be ignored: ['temperature', 'top_p']. Set `TRANSFORMERS_VERBOSITY=info` for more details.
The following generation flags are not valid and may be ignored: ['temperature', 'top_p']. Set `TRANSFORMERS_VERBOSITY=info` for more details.
The following generation flags are not valid and may be ignored: ['temperature', 'top_p']. Set `TRANSFORMERS_VERBOSITY=info` for more details.
The following generation flags are not valid and may be ignored: ['temperature', 'top_p']. Set `TRANSFORMERS_VERBOSITY=info` for more details.
The following generation flags are not valid and may be ignored: ['temperature', 'top_p']. Set `TRANSFORMERS_VERBOSITY=info` for more details.
The following generation flags are not valid and may be ignored: ['temperature', 'top_p']. Set `TRANSFORMERS_VERBOSITY=info` for more details.
The following generation flags are not valid and may be ignored: ['temperature', 'top_p']. Set `TRANSFORMERS_VERBOSITY=info` for more details.
The following generation flags are not valid and may be ignored: ['temperature', 'top_p']. Set `TRANSFORMERS_VERBOSITY=info` for more details.
The following generation flags are not valid and may be ignored: ['temperature', 'top_p']. Set `TRANSFORMERS_VERBOSITY=info` for more details.
The following generation flags are not valid and may be ignored: ['temperature', 'top_p']. Set `TRANSFORMERS_VERBOSITY=info` for more details.
The following generation flags are not valid and may be ignored: ['temperature', 'top_p']. Set `TRANSFORMERS_VERBOSITY=info` for more details.
The following generation flags are not valid and may be ignored: ['temperature', 'top_p']. Set `TRANSFORMERS_VERBOSITY=info` for more details.
The following generation flags are not valid and may be ignored: ['temperature', 'top_p']. Set `TRANSFORMERS_VERBOSITY=info` for more details.
The following generation flags are not valid and may be ignored: ['temperature', 'top_p']. Set `TRANSFORMERS_VERBOSITY=info` for more details.
The following generation flags are not valid and may be ignored: ['temperature', 'top_p']. Set `TRANSFORMERS_VERBOSITY=info` for more details.
The following generation flags are not valid and may be ignored: ['temperature', 'top_p']. Set `TRANSFORMERS_VERBOSITY=info` for more details.
The following generation flags are not valid and may be ignored: ['temperature', 'top_p']. Set `TRANSFORMERS_VERBOSITY=info` for more details.
The following generation flags are not valid and may be ignored: ['temperature', 'top_p']. Set `TRANSFORMERS_VERBOSITY=info` for more details.
The following generation flags are not valid and may be ignored: ['temperature', 'top_p']. Set `TRANSFORMERS_VERBOSITY=info` for more details.
[Load] float16 on single GPU (cuda:0)
[ZH-Filter] kept 10/20 probes (Δlogp > 0.5). Kept indices: [0, 1, 2, 3, 4, 7, 15, 16, 17, 18]
[Gate] EN baseline acc=85.0% (3 failed: [1, 3, 19]) → WARN (continuing)
[Gate] ZH baseline acc=100.0% (0 failed: []) → PASS
[Stream] Incremental log -> /mnt/e/grow/glogic_b4/test/github/results_v8/Llama-3.1-8B_early/stream.jsonl

############################################################
  REPEAT 1/1 (seed=42)
############################################################

==================================================
  CONDITION: baseline (seed=42)
==================================================
  EN acc=85.0% ppl=43.15
  ZH acc=100.0% ppl=21.76
  EN gen_ppl=1.86
  ZH gen_ppl=2.00

==================================================
  CONDITION: uniform_causal (seed=42)
==================================================
[Intervention] Registered 8 hooks on layers [0, 1, 2, 3, 4, 5, 6, 7], mode=uniform_causal
[Verify] All hooks fired. Total calls: 5208, per-layer: {0: 651, 1: 651, 2: 651, 3: 651, 4: 651, 5: 651, 6: 651, 7: 651}
  EN acc=85.0% ppl=212717.77
  ZH acc=90.0% ppl=156006.59
  EN gen_ppl=701.05
  ZH gen_ppl=1843.51

==================================================
  CONDITION: uniform_global (seed=42)
==================================================
[Intervention] Registered 8 hooks on layers [0, 1, 2, 3, 4, 5, 6, 7], mode=uniform_global
[Verify] All hooks fired. Total calls: 5208, per-layer: {0: 651, 1: 651, 2: 651, 3: 651, 4: 651, 5: 651, 6: 651, 7: 651}
  EN acc=85.0% ppl=5837544.93
  ZH acc=90.0% ppl=136621.15
  EN gen_ppl=113.34
  ZH gen_ppl=276.35

==================================================
  CONDITION: shuffle_rows (seed=42)
==================================================
[Intervention] Registered 8 hooks on layers [0, 1, 2, 3, 4, 5, 6, 7], mode=shuffle_rows
[Verify] All hooks fired. Total calls: 5208, per-layer: {0: 651, 1: 651, 2: 651, 3: 651, 4: 651, 5: 651, 6: 651, 7: 651}
  EN acc=85.0% ppl=122.92
  ZH acc=80.0% ppl=259.64
  EN gen_ppl=62.96
  ZH gen_ppl=62.61

Saved -> /mnt/e/grow/glogic_b4/test/github/results_v8/Llama-3.1-8B_early/intervention_results.json
[2026-09-06 20:11:03] ✅ DONE Llama-3.1-8B_early in 199s
[2026-09-06 20:11:03] ━━━━━━━━━━━━━━━━━━━━━━━━━━━━━━━━━━━━━━━━
[2026-09-06 20:11:03] ▶ START Llama-3.1-8B [early]_shuffvar  modes=shuffle_rows repeats=3
[2026-09-06 20:11:03] ━━━━━━━━━━━━━━━━━━━━━━━━━━━━━━━━━━━━━━━━
Skipping import of cpp extensions due to incompatible torch version. Please upgrade to torch >= 2.11.0 (found 2.10.0+cu128).
[LayerSplit] Model has 32 layers, split='early' → layers 0..7 (8 layers)
Loading checkpoint shards:   0%|          | 0/4 [00:00<?, ?it/s]Loading checkpoint shards:  25%|██▌       | 1/4 [00:27<01:21, 27.08s/it]Loading checkpoint shards:  50%|█████     | 2/4 [00:56<00:56, 28.36s/it]Loading checkpoint shards:  75%|███████▌  | 3/4 [01:24<00:28, 28.49s/it]Loading checkpoint shards: 100%|██████████| 4/4 [01:31<00:00, 19.67s/it]Loading checkpoint shards: 100%|██████████| 4/4 [01:31<00:00, 22.78s/it]
[Load] float16 on single GPU (cuda:0)
[ZH-Filter] kept 10/20 probes (Δlogp > 0.5). Kept indices: [0, 1, 2, 3, 4, 7, 15, 16, 17, 18]
[Gate] EN baseline acc=85.0% (3 failed: [1, 3, 19]) → WARN (continuing)
[Gate] ZH baseline acc=100.0% (0 failed: []) → PASS
[Stream] Incremental log -> /mnt/e/grow/glogic_b4/test/github/results_v8/Llama-3.1-8B_early_shuffvar/stream.jsonl

############################################################
  REPEAT 1/3 (seed=42)
############################################################

==================================================
  CONDITION: shuffle_rows (seed=42)
==================================================
[Intervention] Registered 8 hooks on layers [0, 1, 2, 3, 4, 5, 6, 7], mode=shuffle_rows
[Verify] All hooks fired. Total calls: 328, per-layer: {0: 41, 1: 41, 2: 41, 3: 41, 4: 41, 5: 41, 6: 41, 7: 41}
  EN acc=85.0% ppl=122.92
  ZH acc=80.0% ppl=259.64

############################################################
  REPEAT 2/3 (seed=43)
############################################################

==================================================
  CONDITION: shuffle_rows (seed=43)
==================================================
[Intervention] Registered 8 hooks on layers [0, 1, 2, 3, 4, 5, 6, 7], mode=shuffle_rows
[Verify] All hooks fired. Total calls: 328, per-layer: {0: 41, 1: 41, 2: 41, 3: 41, 4: 41, 5: 41, 6: 41, 7: 41}
  EN acc=90.0% ppl=113.77
  ZH acc=80.0% ppl=371.27

############################################################
  REPEAT 3/3 (seed=44)
############################################################

==================================================
  CONDITION: shuffle_rows (seed=44)
==================================================
[Intervention] Registered 8 hooks on layers [0, 1, 2, 3, 4, 5, 6, 7], mode=shuffle_rows
[Verify] All hooks fired. Total calls: 328, per-layer: {0: 41, 1: 41, 2: 41, 3: 41, 4: 41, 5: 41, 6: 41, 7: 41}
  EN acc=90.0% ppl=104.80
  ZH acc=90.0% ppl=318.93

============================================================
SUMMARY (mean ± std across repeats)
============================================================
  shuffle_rows         | EN acc=88.3±2.4% ZH acc=83.3±4.7%

Saved -> /mnt/e/grow/glogic_b4/test/github/results_v8/Llama-3.1-8B_early_shuffvar/intervention_results.json
[2026-09-06 20:12:48] ✅ DONE Llama-3.1-8B_early_shuffvar in 105s
[2026-09-06 20:12:48] ━━━━━━━━━━━━━━━━━━━━━━━━━━━━━━━━━━━━━━━━
[2026-09-06 20:12:48] ▶ START Llama-3.1-8B [mid]  modes=baseline,uniform_causal,uniform_global,shuffle_rows repeats=1
[2026-09-06 20:12:48] ━━━━━━━━━━━━━━━━━━━━━━━━━━━━━━━━━━━━━━━━
Skipping import of cpp extensions due to incompatible torch version. Please upgrade to torch >= 2.11.0 (found 2.10.0+cu128).
[LayerSplit] Model has 32 layers, split='mid' → layers 8..23 (16 layers)
Loading checkpoint shards:   0%|          | 0/4 [00:00<?, ?it/s]Loading checkpoint shards:  25%|██▌       | 1/4 [00:30<01:31, 30.64s/it]Loading checkpoint shards:  50%|█████     | 2/4 [01:00<01:00, 30.12s/it]Loading checkpoint shards:  75%|███████▌  | 3/4 [01:27<00:28, 28.59s/it]Loading checkpoint shards: 100%|██████████| 4/4 [01:33<00:00, 19.84s/it]Loading checkpoint shards: 100%|██████████| 4/4 [01:33<00:00, 23.40s/it]
The following generation flags are not valid and may be ignored: ['temperature', 'top_p']. Set `TRANSFORMERS_VERBOSITY=info` for more details.
The following generation flags are not valid and may be ignored: ['temperature', 'top_p']. Set `TRANSFORMERS_VERBOSITY=info` for more details.
The following generation flags are not valid and may be ignored: ['temperature', 'top_p']. Set `TRANSFORMERS_VERBOSITY=info` for more details.
The following generation flags are not valid and may be ignored: ['temperature', 'top_p']. Set `TRANSFORMERS_VERBOSITY=info` for more details.
The following generation flags are not valid and may be ignored: ['temperature', 'top_p']. Set `TRANSFORMERS_VERBOSITY=info` for more details.
The following generation flags are not valid and may be ignored: ['temperature', 'top_p']. Set `TRANSFORMERS_VERBOSITY=info` for more details.
The following generation flags are not valid and may be ignored: ['temperature', 'top_p']. Set `TRANSFORMERS_VERBOSITY=info` for more details.
The following generation flags are not valid and may be ignored: ['temperature', 'top_p']. Set `TRANSFORMERS_VERBOSITY=info` for more details.
The following generation flags are not valid and may be ignored: ['temperature', 'top_p']. Set `TRANSFORMERS_VERBOSITY=info` for more details.
The following generation flags are not valid and may be ignored: ['temperature', 'top_p']. Set `TRANSFORMERS_VERBOSITY=info` for more details.
The following generation flags are not valid and may be ignored: ['temperature', 'top_p']. Set `TRANSFORMERS_VERBOSITY=info` for more details.
The following generation flags are not valid and may be ignored: ['temperature', 'top_p']. Set `TRANSFORMERS_VERBOSITY=info` for more details.
The following generation flags are not valid and may be ignored: ['temperature', 'top_p']. Set `TRANSFORMERS_VERBOSITY=info` for more details.
The following generation flags are not valid and may be ignored: ['temperature', 'top_p']. Set `TRANSFORMERS_VERBOSITY=info` for more details.
The following generation flags are not valid and may be ignored: ['temperature', 'top_p']. Set `TRANSFORMERS_VERBOSITY=info` for more details.
The following generation flags are not valid and may be ignored: ['temperature', 'top_p']. Set `TRANSFORMERS_VERBOSITY=info` for more details.
The following generation flags are not valid and may be ignored: ['temperature', 'top_p']. Set `TRANSFORMERS_VERBOSITY=info` for more details.
The following generation flags are not valid and may be ignored: ['temperature', 'top_p']. Set `TRANSFORMERS_VERBOSITY=info` for more details.
The following generation flags are not valid and may be ignored: ['temperature', 'top_p']. Set `TRANSFORMERS_VERBOSITY=info` for more details.
The following generation flags are not valid and may be ignored: ['temperature', 'top_p']. Set `TRANSFORMERS_VERBOSITY=info` for more details.
The following generation flags are not valid and may be ignored: ['temperature', 'top_p']. Set `TRANSFORMERS_VERBOSITY=info` for more details.
The following generation flags are not valid and may be ignored: ['temperature', 'top_p']. Set `TRANSFORMERS_VERBOSITY=info` for more details.
The following generation flags are not valid and may be ignored: ['temperature', 'top_p']. Set `TRANSFORMERS_VERBOSITY=info` for more details.
The following generation flags are not valid and may be ignored: ['temperature', 'top_p']. Set `TRANSFORMERS_VERBOSITY=info` for more details.
The following generation flags are not valid and may be ignored: ['temperature', 'top_p']. Set `TRANSFORMERS_VERBOSITY=info` for more details.
The following generation flags are not valid and may be ignored: ['temperature', 'top_p']. Set `TRANSFORMERS_VERBOSITY=info` for more details.
The following generation flags are not valid and may be ignored: ['temperature', 'top_p']. Set `TRANSFORMERS_VERBOSITY=info` for more details.
The following generation flags are not valid and may be ignored: ['temperature', 'top_p']. Set `TRANSFORMERS_VERBOSITY=info` for more details.
The following generation flags are not valid and may be ignored: ['temperature', 'top_p']. Set `TRANSFORMERS_VERBOSITY=info` for more details.
The following generation flags are not valid and may be ignored: ['temperature', 'top_p']. Set `TRANSFORMERS_VERBOSITY=info` for more details.
The following generation flags are not valid and may be ignored: ['temperature', 'top_p']. Set `TRANSFORMERS_VERBOSITY=info` for more details.
The following generation flags are not valid and may be ignored: ['temperature', 'top_p']. Set `TRANSFORMERS_VERBOSITY=info` for more details.
The following generation flags are not valid and may be ignored: ['temperature', 'top_p']. Set `TRANSFORMERS_VERBOSITY=info` for more details.
The following generation flags are not valid and may be ignored: ['temperature', 'top_p']. Set `TRANSFORMERS_VERBOSITY=info` for more details.
The following generation flags are not valid and may be ignored: ['temperature', 'top_p']. Set `TRANSFORMERS_VERBOSITY=info` for more details.
The following generation flags are not valid and may be ignored: ['temperature', 'top_p']. Set `TRANSFORMERS_VERBOSITY=info` for more details.
The following generation flags are not valid and may be ignored: ['temperature', 'top_p']. Set `TRANSFORMERS_VERBOSITY=info` for more details.
The following generation flags are not valid and may be ignored: ['temperature', 'top_p']. Set `TRANSFORMERS_VERBOSITY=info` for more details.
The following generation flags are not valid and may be ignored: ['temperature', 'top_p']. Set `TRANSFORMERS_VERBOSITY=info` for more details.
The following generation flags are not valid and may be ignored: ['temperature', 'top_p']. Set `TRANSFORMERS_VERBOSITY=info` for more details.
[Load] float16 on single GPU (cuda:0)
[ZH-Filter] kept 10/20 probes (Δlogp > 0.5). Kept indices: [0, 1, 2, 3, 4, 7, 15, 16, 17, 18]
[Gate] EN baseline acc=85.0% (3 failed: [1, 3, 19]) → WARN (continuing)
[Gate] ZH baseline acc=100.0% (0 failed: []) → PASS
[Stream] Incremental log -> /mnt/e/grow/glogic_b4/test/github/results_v8/Llama-3.1-8B_mid/stream.jsonl

############################################################
  REPEAT 1/1 (seed=42)
############################################################

==================================================
  CONDITION: baseline (seed=42)
==================================================
  EN acc=85.0% ppl=43.15
  ZH acc=100.0% ppl=21.76
  EN gen_ppl=1.86
  ZH gen_ppl=2.00

==================================================
  CONDITION: uniform_causal (seed=42)
==================================================
[Intervention] Registered 16 hooks on layers [8, 9, 10, 11, 12, 13, 14, 15, 16, 17, 18, 19, 20, 21, 22, 23], mode=uniform_causal
[Verify] All hooks fired. Total calls: 10416, per-layer: {8: 651, 9: 651, 10: 651, 11: 651, 12: 651, 13: 651, 14: 651, 15: 651, 16: 651, 17: 651, 18: 651, 19: 651, 20: 651, 21: 651, 22: 651, 23: 651}
  EN acc=90.0% ppl=242.59
  ZH acc=100.0% ppl=823.78
  EN gen_ppl=1.45
  ZH gen_ppl=2.25

==================================================
  CONDITION: uniform_global (seed=42)
==================================================
[Intervention] Registered 16 hooks on layers [8, 9, 10, 11, 12, 13, 14, 15, 16, 17, 18, 19, 20, 21, 22, 23], mode=uniform_global
[Verify] All hooks fired. Total calls: 10416, per-layer: {8: 651, 9: 651, 10: 651, 11: 651, 12: 651, 13: 651, 14: 651, 15: 651, 16: 651, 17: 651, 18: 651, 19: 651, 20: 651, 21: 651, 22: 651, 23: 651}
  EN acc=85.0% ppl=30.79
  ZH acc=90.0% ppl=1404.00
  EN gen_ppl=1.20
  ZH gen_ppl=1.69

==================================================
  CONDITION: shuffle_rows (seed=42)
==================================================
[Intervention] Registered 16 hooks on layers [8, 9, 10, 11, 12, 13, 14, 15, 16, 17, 18, 19, 20, 21, 22, 23], mode=shuffle_rows
[Verify] All hooks fired. Total calls: 10416, per-layer: {8: 651, 9: 651, 10: 651, 11: 651, 12: 651, 13: 651, 14: 651, 15: 651, 16: 651, 17: 651, 18: 651, 19: 651, 20: 651, 21: 651, 22: 651, 23: 651}
  EN acc=90.0% ppl=53.81
  ZH acc=100.0% ppl=33.65
  EN gen_ppl=10.05
  ZH gen_ppl=15.14

Saved -> /mnt/e/grow/glogic_b4/test/github/results_v8/Llama-3.1-8B_mid/intervention_results.json
[2026-09-06 20:16:02] ✅ DONE Llama-3.1-8B_mid in 194s
[2026-09-06 20:16:02] ━━━━━━━━━━━━━━━━━━━━━━━━━━━━━━━━━━━━━━━━
[2026-09-06 20:16:02] ▶ START Llama-3.1-8B [late]  modes=baseline,uniform_causal,uniform_global,shuffle_rows repeats=1
[2026-09-06 20:16:02] ━━━━━━━━━━━━━━━━━━━━━━━━━━━━━━━━━━━━━━━━
Skipping import of cpp extensions due to incompatible torch version. Please upgrade to torch >= 2.11.0 (found 2.10.0+cu128).
[LayerSplit] Model has 32 layers, split='late' → layers 24..31 (8 layers)
Loading checkpoint shards:   0%|          | 0/4 [00:00<?, ?it/s]Loading checkpoint shards:  25%|██▌       | 1/4 [00:30<01:31, 30.50s/it]Loading checkpoint shards:  50%|█████     | 2/4 [00:57<00:57, 28.71s/it]Loading checkpoint shards:  75%|███████▌  | 3/4 [01:24<00:27, 27.90s/it]Loading checkpoint shards: 100%|██████████| 4/4 [01:31<00:00, 19.59s/it]Loading checkpoint shards: 100%|██████████| 4/4 [01:31<00:00, 22.93s/it]
The following generation flags are not valid and may be ignored: ['temperature', 'top_p']. Set `TRANSFORMERS_VERBOSITY=info` for more details.
The following generation flags are not valid and may be ignored: ['temperature', 'top_p']. Set `TRANSFORMERS_VERBOSITY=info` for more details.
The following generation flags are not valid and may be ignored: ['temperature', 'top_p']. Set `TRANSFORMERS_VERBOSITY=info` for more details.
The following generation flags are not valid and may be ignored: ['temperature', 'top_p']. Set `TRANSFORMERS_VERBOSITY=info` for more details.
The following generation flags are not valid and may be ignored: ['temperature', 'top_p']. Set `TRANSFORMERS_VERBOSITY=info` for more details.
The following generation flags are not valid and may be ignored: ['temperature', 'top_p']. Set `TRANSFORMERS_VERBOSITY=info` for more details.
The following generation flags are not valid and may be ignored: ['temperature', 'top_p']. Set `TRANSFORMERS_VERBOSITY=info` for more details.
The following generation flags are not valid and may be ignored: ['temperature', 'top_p']. Set `TRANSFORMERS_VERBOSITY=info` for more details.
The following generation flags are not valid and may be ignored: ['temperature', 'top_p']. Set `TRANSFORMERS_VERBOSITY=info` for more details.
The following generation flags are not valid and may be ignored: ['temperature', 'top_p']. Set `TRANSFORMERS_VERBOSITY=info` for more details.
The following generation flags are not valid and may be ignored: ['temperature', 'top_p']. Set `TRANSFORMERS_VERBOSITY=info` for more details.
The following generation flags are not valid and may be ignored: ['temperature', 'top_p']. Set `TRANSFORMERS_VERBOSITY=info` for more details.
The following generation flags are not valid and may be ignored: ['temperature', 'top_p']. Set `TRANSFORMERS_VERBOSITY=info` for more details.
The following generation flags are not valid and may be ignored: ['temperature', 'top_p']. Set `TRANSFORMERS_VERBOSITY=info` for more details.
The following generation flags are not valid and may be ignored: ['temperature', 'top_p']. Set `TRANSFORMERS_VERBOSITY=info` for more details.
The following generation flags are not valid and may be ignored: ['temperature', 'top_p']. Set `TRANSFORMERS_VERBOSITY=info` for more details.
The following generation flags are not valid and may be ignored: ['temperature', 'top_p']. Set `TRANSFORMERS_VERBOSITY=info` for more details.
The following generation flags are not valid and may be ignored: ['temperature', 'top_p']. Set `TRANSFORMERS_VERBOSITY=info` for more details.
The following generation flags are not valid and may be ignored: ['temperature', 'top_p']. Set `TRANSFORMERS_VERBOSITY=info` for more details.
The following generation flags are not valid and may be ignored: ['temperature', 'top_p']. Set `TRANSFORMERS_VERBOSITY=info` for more details.
The following generation flags are not valid and may be ignored: ['temperature', 'top_p']. Set `TRANSFORMERS_VERBOSITY=info` for more details.
The following generation flags are not valid and may be ignored: ['temperature', 'top_p']. Set `TRANSFORMERS_VERBOSITY=info` for more details.
The following generation flags are not valid and may be ignored: ['temperature', 'top_p']. Set `TRANSFORMERS_VERBOSITY=info` for more details.
The following generation flags are not valid and may be ignored: ['temperature', 'top_p']. Set `TRANSFORMERS_VERBOSITY=info` for more details.
The following generation flags are not valid and may be ignored: ['temperature', 'top_p']. Set `TRANSFORMERS_VERBOSITY=info` for more details.
The following generation flags are not valid and may be ignored: ['temperature', 'top_p']. Set `TRANSFORMERS_VERBOSITY=info` for more details.
The following generation flags are not valid and may be ignored: ['temperature', 'top_p']. Set `TRANSFORMERS_VERBOSITY=info` for more details.
The following generation flags are not valid and may be ignored: ['temperature', 'top_p']. Set `TRANSFORMERS_VERBOSITY=info` for more details.
The following generation flags are not valid and may be ignored: ['temperature', 'top_p']. Set `TRANSFORMERS_VERBOSITY=info` for more details.
The following generation flags are not valid and may be ignored: ['temperature', 'top_p']. Set `TRANSFORMERS_VERBOSITY=info` for more details.
The following generation flags are not valid and may be ignored: ['temperature', 'top_p']. Set `TRANSFORMERS_VERBOSITY=info` for more details.
The following generation flags are not valid and may be ignored: ['temperature', 'top_p']. Set `TRANSFORMERS_VERBOSITY=info` for more details.
The following generation flags are not valid and may be ignored: ['temperature', 'top_p']. Set `TRANSFORMERS_VERBOSITY=info` for more details.
The following generation flags are not valid and may be ignored: ['temperature', 'top_p']. Set `TRANSFORMERS_VERBOSITY=info` for more details.
The following generation flags are not valid and may be ignored: ['temperature', 'top_p']. Set `TRANSFORMERS_VERBOSITY=info` for more details.
The following generation flags are not valid and may be ignored: ['temperature', 'top_p']. Set `TRANSFORMERS_VERBOSITY=info` for more details.
The following generation flags are not valid and may be ignored: ['temperature', 'top_p']. Set `TRANSFORMERS_VERBOSITY=info` for more details.
The following generation flags are not valid and may be ignored: ['temperature', 'top_p']. Set `TRANSFORMERS_VERBOSITY=info` for more details.
The following generation flags are not valid and may be ignored: ['temperature', 'top_p']. Set `TRANSFORMERS_VERBOSITY=info` for more details.
The following generation flags are not valid and may be ignored: ['temperature', 'top_p']. Set `TRANSFORMERS_VERBOSITY=info` for more details.
[Load] float16 on single GPU (cuda:0)
[ZH-Filter] kept 10/20 probes (Δlogp > 0.5). Kept indices: [0, 1, 2, 3, 4, 7, 15, 16, 17, 18]
[Gate] EN baseline acc=85.0% (3 failed: [1, 3, 19]) → WARN (continuing)
[Gate] ZH baseline acc=100.0% (0 failed: []) → PASS
[Stream] Incremental log -> /mnt/e/grow/glogic_b4/test/github/results_v8/Llama-3.1-8B_late/stream.jsonl

############################################################
  REPEAT 1/1 (seed=42)
############################################################

==================================================
  CONDITION: baseline (seed=42)
==================================================
  EN acc=85.0% ppl=43.15
  ZH acc=100.0% ppl=21.76
  EN gen_ppl=1.86
  ZH gen_ppl=2.00

==================================================
  CONDITION: uniform_causal (seed=42)
==================================================
[Intervention] Registered 8 hooks on layers [24, 25, 26, 27, 28, 29, 30, 31], mode=uniform_causal
[Verify] All hooks fired. Total calls: 5208, per-layer: {24: 651, 25: 651, 26: 651, 27: 651, 28: 651, 29: 651, 30: 651, 31: 651}
  EN acc=85.0% ppl=63.83
  ZH acc=100.0% ppl=83.75
  EN gen_ppl=2.47
  ZH gen_ppl=7.27

==================================================
  CONDITION: uniform_global (seed=42)
==================================================
[Intervention] Registered 8 hooks on layers [24, 25, 26, 27, 28, 29, 30, 31], mode=uniform_global
[Verify] All hooks fired. Total calls: 5208, per-layer: {24: 651, 25: 651, 26: 651, 27: 651, 28: 651, 29: 651, 30: 651, 31: 651}
  EN acc=85.0% ppl=69.07
  ZH acc=100.0% ppl=101.61
  EN gen_ppl=1.79
  ZH gen_ppl=5.63

==================================================
  CONDITION: shuffle_rows (seed=42)
==================================================
[Intervention] Registered 8 hooks on layers [24, 25, 26, 27, 28, 29, 30, 31], mode=shuffle_rows
[Verify] All hooks fired. Total calls: 5208, per-layer: {24: 651, 25: 651, 26: 651, 27: 651, 28: 651, 29: 651, 30: 651, 31: 651}
  EN acc=90.0% ppl=40.37
  ZH acc=100.0% ppl=24.37
  EN gen_ppl=2.72
  ZH gen_ppl=2.75

Saved -> /mnt/e/grow/glogic_b4/test/github/results_v8/Llama-3.1-8B_late/intervention_results.json
[2026-09-06 20:19:22] ✅ DONE Llama-3.1-8B_late in 200s
[2026-09-06 20:19:22] ━━━━━━━━━━━━━━━━━━━━━━━━━━━━━━━━━━━━━━━━
[2026-09-06 20:19:22] ▶ START Mistral-7B [early]  modes=baseline,uniform_causal,uniform_global,shuffle_rows repeats=1
[2026-09-06 20:19:22] ━━━━━━━━━━━━━━━━━━━━━━━━━━━━━━━━━━━━━━━━
Skipping import of cpp extensions due to incompatible torch version. Please upgrade to torch >= 2.11.0 (found 2.10.0+cu128).
[LayerSplit] Model has 32 layers, split='early' → layers 0..7 (8 layers)
Loading checkpoint shards:   0%|          | 0/3 [00:00<?, ?it/s]Loading checkpoint shards:  33%|███▎      | 1/3 [00:26<00:52, 26.47s/it]Loading checkpoint shards:  67%|██████▋   | 2/3 [00:57<00:29, 29.02s/it]Loading checkpoint shards: 100%|██████████| 3/3 [01:20<00:00, 26.60s/it]Loading checkpoint shards: 100%|██████████| 3/3 [01:20<00:00, 27.00s/it]
[Load] float16 on single GPU (cuda:0)
[ZH-Filter] kept 13/20 probes (Δlogp > 0.5). Kept indices: [1, 2, 3, 5, 6, 7, 8, 9, 10, 15, 16, 17, 18]
[Gate] EN baseline acc=90.0% (2 failed: [1, 3]) → WARN (continuing)
[Gate] ZH baseline acc=100.0% (0 failed: []) → PASS
[Stream] Incremental log -> /mnt/e/grow/glogic_b4/test/github/results_v8/Mistral-7B_early/stream.jsonl

############################################################
  REPEAT 1/1 (seed=42)
############################################################

==================================================
  CONDITION: baseline (seed=42)
==================================================
  EN acc=90.0% ppl=39.42
  ZH acc=100.0% ppl=13.51
  EN gen_ppl=1.83
  ZH gen_ppl=1.79

==================================================
  CONDITION: uniform_causal (seed=42)
==================================================
[Intervention] Registered 8 hooks on layers [0, 1, 2, 3, 4, 5, 6, 7], mode=uniform_causal
[Verify] All hooks fired. Total calls: 5312, per-layer: {0: 664, 1: 664, 2: 664, 3: 664, 4: 664, 5: 664, 6: 664, 7: 664}
  EN acc=90.0% ppl=182.27
  ZH acc=76.9% ppl=758.58
  EN gen_ppl=11.23
  ZH gen_ppl=37.43

==================================================
  CONDITION: uniform_global (seed=42)
==================================================
[Intervention] Registered 8 hooks on layers [0, 1, 2, 3, 4, 5, 6, 7], mode=uniform_global
[Verify] All hooks fired. Total calls: 5312, per-layer: {0: 664, 1: 664, 2: 664, 3: 664, 4: 664, 5: 664, 6: 664, 7: 664}
  EN acc=90.0% ppl=142.12
  ZH acc=69.2% ppl=504.70
  EN gen_ppl=7.31
  ZH gen_ppl=88.62

==================================================
  CONDITION: shuffle_rows (seed=42)
==================================================
[Intervention] Registered 8 hooks on layers [0, 1, 2, 3, 4, 5, 6, 7], mode=shuffle_rows
[Verify] All hooks fired. Total calls: 5312, per-layer: {0: 664, 1: 664, 2: 664, 3: 664, 4: 664, 5: 664, 6: 664, 7: 664}
  EN acc=80.0% ppl=66.79
  ZH acc=69.2% ppl=193.70
  EN gen_ppl=25.03
  ZH gen_ppl=31.28

Saved -> /mnt/e/grow/glogic_b4/test/github/results_v8/Mistral-7B_early/intervention_results.json
[2026-09-06 20:22:36] ✅ DONE Mistral-7B_early in 194s
[2026-09-06 20:22:36] ━━━━━━━━━━━━━━━━━━━━━━━━━━━━━━━━━━━━━━━━
[2026-09-06 20:22:36] ▶ START Mistral-7B [early]_shuffvar  modes=shuffle_rows repeats=3
[2026-09-06 20:22:36] ━━━━━━━━━━━━━━━━━━━━━━━━━━━━━━━━━━━━━━━━
Skipping import of cpp extensions due to incompatible torch version. Please upgrade to torch >= 2.11.0 (found 2.10.0+cu128).
[LayerSplit] Model has 32 layers, split='early' → layers 0..7 (8 layers)
Loading checkpoint shards:   0%|          | 0/3 [00:00<?, ?it/s]Loading checkpoint shards:  33%|███▎      | 1/3 [00:26<00:52, 26.19s/it]Loading checkpoint shards:  67%|██████▋   | 2/3 [00:55<00:28, 28.16s/it]Loading checkpoint shards: 100%|██████████| 3/3 [01:22<00:00, 27.31s/it]Loading checkpoint shards: 100%|██████████| 3/3 [01:22<00:00, 27.35s/it]
[Load] float16 on single GPU (cuda:0)
[ZH-Filter] kept 13/20 probes (Δlogp > 0.5). Kept indices: [1, 2, 3, 5, 6, 7, 8, 9, 10, 15, 16, 17, 18]
[Gate] EN baseline acc=90.0% (2 failed: [1, 3]) → WARN (continuing)
[Gate] ZH baseline acc=100.0% (0 failed: []) → PASS
[Stream] Incremental log -> /mnt/e/grow/glogic_b4/test/github/results_v8/Mistral-7B_early_shuffvar/stream.jsonl

############################################################
  REPEAT 1/3 (seed=42)
############################################################

==================================================
  CONDITION: shuffle_rows (seed=42)
==================================================
[Intervention] Registered 8 hooks on layers [0, 1, 2, 3, 4, 5, 6, 7], mode=shuffle_rows
[Verify] All hooks fired. Total calls: 432, per-layer: {0: 54, 1: 54, 2: 54, 3: 54, 4: 54, 5: 54, 6: 54, 7: 54}
  EN acc=80.0% ppl=66.79
  ZH acc=69.2% ppl=193.70

############################################################
  REPEAT 2/3 (seed=43)
############################################################

==================================================
  CONDITION: shuffle_rows (seed=43)
==================================================
[Intervention] Registered 8 hooks on layers [0, 1, 2, 3, 4, 5, 6, 7], mode=shuffle_rows
[Verify] All hooks fired. Total calls: 432, per-layer: {0: 54, 1: 54, 2: 54, 3: 54, 4: 54, 5: 54, 6: 54, 7: 54}
  EN acc=85.0% ppl=148.31
  ZH acc=84.6% ppl=208.51

############################################################
  REPEAT 3/3 (seed=44)
############################################################

==================================================
  CONDITION: shuffle_rows (seed=44)
==================================================
[Intervention] Registered 8 hooks on layers [0, 1, 2, 3, 4, 5, 6, 7], mode=shuffle_rows
[Verify] All hooks fired. Total calls: 432, per-layer: {0: 54, 1: 54, 2: 54, 3: 54, 4: 54, 5: 54, 6: 54, 7: 54}
  EN acc=80.0% ppl=122.49
  ZH acc=76.9% ppl=265.64

============================================================
SUMMARY (mean ± std across repeats)
============================================================
  shuffle_rows         | EN acc=81.7±2.4% ZH acc=76.9±6.3%

Saved -> /mnt/e/grow/glogic_b4/test/github/results_v8/Mistral-7B_early_shuffvar/intervention_results.json
[2026-09-06 20:24:12] ✅ DONE Mistral-7B_early_shuffvar in 96s
[2026-09-06 20:24:12] ━━━━━━━━━━━━━━━━━━━━━━━━━━━━━━━━━━━━━━━━
[2026-09-06 20:24:12] ▶ START Mistral-7B [mid]  modes=baseline,uniform_causal,uniform_global,shuffle_rows repeats=1
[2026-09-06 20:24:12] ━━━━━━━━━━━━━━━━━━━━━━━━━━━━━━━━━━━━━━━━
Skipping import of cpp extensions due to incompatible torch version. Please upgrade to torch >= 2.11.0 (found 2.10.0+cu128).
[LayerSplit] Model has 32 layers, split='mid' → layers 8..23 (16 layers)
Loading checkpoint shards:   0%|          | 0/3 [00:00<?, ?it/s]Loading checkpoint shards:  33%|███▎      | 1/3 [00:29<00:58, 29.46s/it]Loading checkpoint shards:  67%|██████▋   | 2/3 [00:58<00:29, 29.38s/it]Loading checkpoint shards: 100%|██████████| 3/3 [01:22<00:00, 26.91s/it]Loading checkpoint shards: 100%|██████████| 3/3 [01:22<00:00, 27.59s/it]
[Load] float16 on single GPU (cuda:0)
[ZH-Filter] kept 13/20 probes (Δlogp > 0.5). Kept indices: [1, 2, 3, 5, 6, 7, 8, 9, 10, 15, 16, 17, 18]
[Gate] EN baseline acc=90.0% (2 failed: [1, 3]) → WARN (continuing)
[Gate] ZH baseline acc=100.0% (0 failed: []) → PASS
[Stream] Incremental log -> /mnt/e/grow/glogic_b4/test/github/results_v8/Mistral-7B_mid/stream.jsonl

############################################################
  REPEAT 1/1 (seed=42)
############################################################

==================================================
  CONDITION: baseline (seed=42)
==================================================
  EN acc=90.0% ppl=39.42
  ZH acc=100.0% ppl=13.51
  EN gen_ppl=1.83
  ZH gen_ppl=1.79

==================================================
  CONDITION: uniform_causal (seed=42)
==================================================
[Intervention] Registered 16 hooks on layers [8, 9, 10, 11, 12, 13, 14, 15, 16, 17, 18, 19, 20, 21, 22, 23], mode=uniform_causal
[Verify] All hooks fired. Total calls: 10624, per-layer: {8: 664, 9: 664, 10: 664, 11: 664, 12: 664, 13: 664, 14: 664, 15: 664, 16: 664, 17: 664, 18: 664, 19: 664, 20: 664, 21: 664, 22: 664, 23: 664}
  EN acc=90.0% ppl=49.62
  ZH acc=100.0% ppl=67.03
  EN gen_ppl=2.09
  ZH gen_ppl=1.75

==================================================
  CONDITION: uniform_global (seed=42)
==================================================
[Intervention] Registered 16 hooks on layers [8, 9, 10, 11, 12, 13, 14, 15, 16, 17, 18, 19, 20, 21, 22, 23], mode=uniform_global
[Verify] All hooks fired. Total calls: 10624, per-layer: {8: 664, 9: 664, 10: 664, 11: 664, 12: 664, 13: 664, 14: 664, 15: 664, 16: 664, 17: 664, 18: 664, 19: 664, 20: 664, 21: 664, 22: 664, 23: 664}
  EN acc=85.0% ppl=11.18
  ZH acc=92.3% ppl=25.81
  EN gen_ppl=1.89
  ZH gen_ppl=5.18

==================================================
  CONDITION: shuffle_rows (seed=42)
==================================================
[Intervention] Registered 16 hooks on layers [8, 9, 10, 11, 12, 13, 14, 15, 16, 17, 18, 19, 20, 21, 22, 23], mode=shuffle_rows
[Verify] All hooks fired. Total calls: 10624, per-layer: {8: 664, 9: 664, 10: 664, 11: 664, 12: 664, 13: 664, 14: 664, 15: 664, 16: 664, 17: 664, 18: 664, 19: 664, 20: 664, 21: 664, 22: 664, 23: 664}
  EN acc=90.0% ppl=37.62
  ZH acc=100.0% ppl=20.41
  EN gen_ppl=6.88
  ZH gen_ppl=7.85

Saved -> /mnt/e/grow/glogic_b4/test/github/results_v8/Mistral-7B_mid/intervention_results.json
[2026-09-06 20:27:14] ✅ DONE Mistral-7B_mid in 182s
[2026-09-06 20:27:14] ━━━━━━━━━━━━━━━━━━━━━━━━━━━━━━━━━━━━━━━━
[2026-09-06 20:27:14] ▶ START Mistral-7B [late]  modes=baseline,uniform_causal,uniform_global,shuffle_rows repeats=1
[2026-09-06 20:27:14] ━━━━━━━━━━━━━━━━━━━━━━━━━━━━━━━━━━━━━━━━
Skipping import of cpp extensions due to incompatible torch version. Please upgrade to torch >= 2.11.0 (found 2.10.0+cu128).
[LayerSplit] Model has 32 layers, split='late' → layers 24..31 (8 layers)
Loading checkpoint shards:   0%|          | 0/3 [00:00<?, ?it/s]Loading checkpoint shards:  33%|███▎      | 1/3 [00:25<00:51, 25.62s/it]Loading checkpoint shards:  67%|██████▋   | 2/3 [00:54<00:27, 27.32s/it]Loading checkpoint shards: 100%|██████████| 3/3 [01:22<00:00, 27.77s/it]Loading checkpoint shards: 100%|██████████| 3/3 [01:22<00:00, 27.48s/it]
[Load] float16 on single GPU (cuda:0)
[ZH-Filter] kept 13/20 probes (Δlogp > 0.5). Kept indices: [1, 2, 3, 5, 6, 7, 8, 9, 10, 15, 16, 17, 18]
[Gate] EN baseline acc=90.0% (2 failed: [1, 3]) → WARN (continuing)
[Gate] ZH baseline acc=100.0% (0 failed: []) → PASS
[Stream] Incremental log -> /mnt/e/grow/glogic_b4/test/github/results_v8/Mistral-7B_late/stream.jsonl

############################################################
  REPEAT 1/1 (seed=42)
############################################################

==================================================
  CONDITION: baseline (seed=42)
==================================================
  EN acc=90.0% ppl=39.42
  ZH acc=100.0% ppl=13.51
  EN gen_ppl=1.83
  ZH gen_ppl=1.79

==================================================
  CONDITION: uniform_causal (seed=42)
==================================================
[Intervention] Registered 8 hooks on layers [24, 25, 26, 27, 28, 29, 30, 31], mode=uniform_causal
[Verify] All hooks fired. Total calls: 5312, per-layer: {24: 664, 25: 664, 26: 664, 27: 664, 28: 664, 29: 664, 30: 664, 31: 664}
  EN acc=90.0% ppl=45.57
  ZH acc=92.3% ppl=25.29
  EN gen_ppl=2.87
  ZH gen_ppl=2.64

==================================================
  CONDITION: uniform_global (seed=42)
==================================================
[Intervention] Registered 8 hooks on layers [24, 25, 26, 27, 28, 29, 30, 31], mode=uniform_global
[Verify] All hooks fired. Total calls: 5312, per-layer: {24: 664, 25: 664, 26: 664, 27: 664, 28: 664, 29: 664, 30: 664, 31: 664}
  EN acc=90.0% ppl=40.81
  ZH acc=84.6% ppl=17.54
  EN gen_ppl=2.56
  ZH gen_ppl=2.38

==================================================
  CONDITION: shuffle_rows (seed=42)
==================================================
[Intervention] Registered 8 hooks on layers [24, 25, 26, 27, 28, 29, 30, 31], mode=shuffle_rows
[Verify] All hooks fired. Total calls: 5312, per-layer: {24: 664, 25: 664, 26: 664, 27: 664, 28: 664, 29: 664, 30: 664, 31: 664}
  EN acc=90.0% ppl=43.59
  ZH acc=92.3% ppl=12.86
  EN gen_ppl=2.88
  ZH gen_ppl=2.53

Saved -> /mnt/e/grow/glogic_b4/test/github/results_v8/Mistral-7B_late/intervention_results.json
[2026-09-06 20:30:08] ✅ DONE Mistral-7B_late in 174s
[2026-09-06 20:30:08] ━━━━━━━━━━━━━━━━━━━━━━━━━━━━━━━━━━━━━━━━
[2026-09-06 20:30:08] ▶ START InternLM3-8B-Instruct [early]  modes=baseline,uniform_causal,uniform_global,shuffle_rows repeats=1
[2026-09-06 20:30:08] ━━━━━━━━━━━━━━━━━━━━━━━━━━━━━━━━━━━━━━━━
Skipping import of cpp extensions due to incompatible torch version. Please upgrade to torch >= 2.11.0 (found 2.10.0+cu128).
[LayerSplit] Model has 48 layers, split='early' → layers 0..11 (12 layers)
Loading checkpoint shards:   0%|          | 0/2 [00:00<?, ?it/s]Loading checkpoint shards:  50%|█████     | 1/2 [00:55<00:55, 55.04s/it]Loading checkpoint shards: 100%|██████████| 2/2 [01:42<00:00, 50.43s/it]Loading checkpoint shards: 100%|██████████| 2/2 [01:42<00:00, 51.12s/it]
[Load] float16 on single GPU (cuda:0)
[ZH-Filter] kept 9/20 probes (Δlogp > 0.5). Kept indices: [1, 3, 4, 6, 7, 9, 15, 16, 17]
[Gate] EN baseline acc=85.0% (3 failed: [0, 1, 3]) → WARN (continuing)
[Gate] ZH baseline acc=100.0% (0 failed: []) → PASS
[Stream] Incremental log -> /mnt/e/grow/glogic_b4/test/github/results_v8/InternLM3-8B-Instruct_early/stream.jsonl

############################################################
  REPEAT 1/1 (seed=42)
############################################################

==================================================
  CONDITION: baseline (seed=42)
==================================================
  EN acc=85.0% ppl=43.81
  ZH acc=100.0% ppl=71.07
  EN gen_ppl=1.52
  ZH gen_ppl=1.57

==================================================
  CONDITION: uniform_causal (seed=42)
==================================================
[Intervention] Registered 12 hooks on layers [0, 1, 2, 3, 4, 5, 6, 7, 8, 9, 10, 11], mode=uniform_causal
[Verify] All hooks fired. Total calls: 7824, per-layer: {0: 652, 1: 652, 2: 652, 3: 652, 4: 652, 5: 652, 6: 652, 7: 652, 8: 652, 9: 652, 10: 652, 11: 652}
  EN acc=85.0% ppl=3283.00
  ZH acc=77.8% ppl=13931.50
  EN gen_ppl=102.88
  ZH gen_ppl=17.40

==================================================
  CONDITION: uniform_global (seed=42)
==================================================
[Intervention] Registered 12 hooks on layers [0, 1, 2, 3, 4, 5, 6, 7, 8, 9, 10, 11], mode=uniform_global
[Verify] All hooks fired. Total calls: 7824, per-layer: {0: 652, 1: 652, 2: 652, 3: 652, 4: 652, 5: 652, 6: 652, 7: 652, 8: 652, 9: 652, 10: 652, 11: 652}
  EN acc=85.0% ppl=3389.16
  ZH acc=77.8% ppl=14933.42
  EN gen_ppl=113.71
  ZH gen_ppl=18.36

==================================================
  CONDITION: shuffle_rows (seed=42)
==================================================
[Intervention] Registered 12 hooks on layers [0, 1, 2, 3, 4, 5, 6, 7, 8, 9, 10, 11], mode=shuffle_rows
[Verify] All hooks fired. Total calls: 7824, per-layer: {0: 652, 1: 652, 2: 652, 3: 652, 4: 652, 5: 652, 6: 652, 7: 652, 8: 652, 9: 652, 10: 652, 11: 652}
  EN acc=80.0% ppl=82.92
  ZH acc=77.8% ppl=215.06
  EN gen_ppl=6.09
  ZH gen_ppl=11.82

Saved -> /mnt/e/grow/glogic_b4/test/github/results_v8/InternLM3-8B-Instruct_early/intervention_results.json
[2026-09-06 20:34:03] ✅ DONE InternLM3-8B-Instruct_early in 235s
[2026-09-06 20:34:03] ━━━━━━━━━━━━━━━━━━━━━━━━━━━━━━━━━━━━━━━━
[2026-09-06 20:34:03] ▶ START InternLM3-8B-Instruct [early]_shuffvar  modes=shuffle_rows repeats=3
[2026-09-06 20:34:03] ━━━━━━━━━━━━━━━━━━━━━━━━━━━━━━━━━━━━━━━━
Skipping import of cpp extensions due to incompatible torch version. Please upgrade to torch >= 2.11.0 (found 2.10.0+cu128).
[LayerSplit] Model has 48 layers, split='early' → layers 0..11 (12 layers)
Loading checkpoint shards:   0%|          | 0/2 [00:00<?, ?it/s]Loading checkpoint shards:  50%|█████     | 1/2 [00:57<00:57, 57.67s/it]Loading checkpoint shards: 100%|██████████| 2/2 [01:39<00:00, 48.10s/it]Loading checkpoint shards: 100%|██████████| 2/2 [01:39<00:00, 49.54s/it]
[Load] float16 on single GPU (cuda:0)
[ZH-Filter] kept 9/20 probes (Δlogp > 0.5). Kept indices: [1, 3, 4, 6, 7, 9, 15, 16, 17]
[Gate] EN baseline acc=85.0% (3 failed: [0, 1, 3]) → WARN (continuing)
[Gate] ZH baseline acc=100.0% (0 failed: []) → PASS
[Stream] Incremental log -> /mnt/e/grow/glogic_b4/test/github/results_v8/InternLM3-8B-Instruct_early_shuffvar/stream.jsonl

############################################################
  REPEAT 1/3 (seed=42)
############################################################

==================================================
  CONDITION: shuffle_rows (seed=42)
==================================================
[Intervention] Registered 12 hooks on layers [0, 1, 2, 3, 4, 5, 6, 7, 8, 9, 10, 11], mode=shuffle_rows
[Verify] All hooks fired. Total calls: 504, per-layer: {0: 42, 1: 42, 2: 42, 3: 42, 4: 42, 5: 42, 6: 42, 7: 42, 8: 42, 9: 42, 10: 42, 11: 42}
  EN acc=80.0% ppl=82.92
  ZH acc=77.8% ppl=215.06

############################################################
  REPEAT 2/3 (seed=43)
############################################################

==================================================
  CONDITION: shuffle_rows (seed=43)
==================================================
[Intervention] Registered 12 hooks on layers [0, 1, 2, 3, 4, 5, 6, 7, 8, 9, 10, 11], mode=shuffle_rows
[Verify] All hooks fired. Total calls: 504, per-layer: {0: 42, 1: 42, 2: 42, 3: 42, 4: 42, 5: 42, 6: 42, 7: 42, 8: 42, 9: 42, 10: 42, 11: 42}
  EN acc=75.0% ppl=64.83
  ZH acc=100.0% ppl=233.91

############################################################
  REPEAT 3/3 (seed=44)
############################################################

==================================================
  CONDITION: shuffle_rows (seed=44)
==================================================
[Intervention] Registered 12 hooks on layers [0, 1, 2, 3, 4, 5, 6, 7, 8, 9, 10, 11], mode=shuffle_rows
[Verify] All hooks fired. Total calls: 504, per-layer: {0: 42, 1: 42, 2: 42, 3: 42, 4: 42, 5: 42, 6: 42, 7: 42, 8: 42, 9: 42, 10: 42, 11: 42}
  EN acc=85.0% ppl=112.65
  ZH acc=77.8% ppl=154.40

============================================================
SUMMARY (mean ± std across repeats)
============================================================
  shuffle_rows         | EN acc=80.0±4.1% ZH acc=85.2±10.5%

Saved -> /mnt/e/grow/glogic_b4/test/github/results_v8/InternLM3-8B-Instruct_early_shuffvar/intervention_results.json
[2026-09-06 20:35:58] ✅ DONE InternLM3-8B-Instruct_early_shuffvar in 115s
[2026-09-06 20:35:58] ━━━━━━━━━━━━━━━━━━━━━━━━━━━━━━━━━━━━━━━━
[2026-09-06 20:35:58] ▶ START InternLM3-8B-Instruct [mid]  modes=baseline,uniform_causal,uniform_global,shuffle_rows repeats=1
[2026-09-06 20:35:58] ━━━━━━━━━━━━━━━━━━━━━━━━━━━━━━━━━━━━━━━━
Skipping import of cpp extensions due to incompatible torch version. Please upgrade to torch >= 2.11.0 (found 2.10.0+cu128).
[LayerSplit] Model has 48 layers, split='mid' → layers 12..35 (24 layers)
Loading checkpoint shards:   0%|          | 0/2 [00:00<?, ?it/s]Loading checkpoint shards:  50%|█████     | 1/2 [00:57<00:57, 57.05s/it]Loading checkpoint shards: 100%|██████████| 2/2 [01:45<00:00, 51.93s/it]Loading checkpoint shards: 100%|██████████| 2/2 [01:45<00:00, 52.70s/it]
[Load] float16 on single GPU (cuda:0)
[ZH-Filter] kept 9/20 probes (Δlogp > 0.5). Kept indices: [1, 3, 4, 6, 7, 9, 15, 16, 17]
[Gate] EN baseline acc=85.0% (3 failed: [0, 1, 3]) → WARN (continuing)
[Gate] ZH baseline acc=100.0% (0 failed: []) → PASS
[Stream] Incremental log -> /mnt/e/grow/glogic_b4/test/github/results_v8/InternLM3-8B-Instruct_mid/stream.jsonl

############################################################
  REPEAT 1/1 (seed=42)
############################################################

==================================================
  CONDITION: baseline (seed=42)
==================================================
  EN acc=85.0% ppl=43.81
  ZH acc=100.0% ppl=71.07
  EN gen_ppl=1.52
  ZH gen_ppl=1.57

==================================================
  CONDITION: uniform_causal (seed=42)
==================================================
[Intervention] Registered 24 hooks on layers [12, 13, 14, 15, 16, 17, 18, 19, 20, 21, 22, 23, 24, 25, 26, 27, 28, 29, 30, 31, 32, 33, 34, 35], mode=uniform_causal
[Verify] All hooks fired. Total calls: 15648, per-layer: {12: 652, 13: 652, 14: 652, 15: 652, 16: 652, 17: 652, 18: 652, 19: 652, 20: 652, 21: 652, 22: 652, 23: 652, 24: 652, 25: 652, 26: 652, 27: 652, 28: 652, 29: 652, 30: 652, 31: 652, 32: 652, 33: 652, 34: 652, 35: 652}
  EN acc=85.0% ppl=105.12
  ZH acc=77.8% ppl=234.75
  EN gen_ppl=1.62
  ZH gen_ppl=1.81

==================================================
  CONDITION: uniform_global (seed=42)
==================================================
[Intervention] Registered 24 hooks on layers [12, 13, 14, 15, 16, 17, 18, 19, 20, 21, 22, 23, 24, 25, 26, 27, 28, 29, 30, 31, 32, 33, 34, 35], mode=uniform_global
[Verify] All hooks fired. Total calls: 15648, per-layer: {12: 652, 13: 652, 14: 652, 15: 652, 16: 652, 17: 652, 18: 652, 19: 652, 20: 652, 21: 652, 22: 652, 23: 652, 24: 652, 25: 652, 26: 652, 27: 652, 28: 652, 29: 652, 30: 652, 31: 652, 32: 652, 33: 652, 34: 652, 35: 652}
  EN acc=85.0% ppl=20.69
  ZH acc=88.9% ppl=34.20
  EN gen_ppl=1.56
  ZH gen_ppl=2.07

==================================================
  CONDITION: shuffle_rows (seed=42)
==================================================
[Intervention] Registered 24 hooks on layers [12, 13, 14, 15, 16, 17, 18, 19, 20, 21, 22, 23, 24, 25, 26, 27, 28, 29, 30, 31, 32, 33, 34, 35], mode=shuffle_rows
[Verify] All hooks fired. Total calls: 15648, per-layer: {12: 652, 13: 652, 14: 652, 15: 652, 16: 652, 17: 652, 18: 652, 19: 652, 20: 652, 21: 652, 22: 652, 23: 652, 24: 652, 25: 652, 26: 652, 27: 652, 28: 652, 29: 652, 30: 652, 31: 652, 32: 652, 33: 652, 34: 652, 35: 652}
  EN acc=85.0% ppl=43.40
  ZH acc=100.0% ppl=83.04
  EN gen_ppl=10.34
  ZH gen_ppl=29.21

Saved -> /mnt/e/grow/glogic_b4/test/github/results_v8/InternLM3-8B-Instruct_mid/intervention_results.json
[2026-09-06 20:39:58] ✅ DONE InternLM3-8B-Instruct_mid in 240s
[2026-09-06 20:39:58] ━━━━━━━━━━━━━━━━━━━━━━━━━━━━━━━━━━━━━━━━
[2026-09-06 20:39:58] ▶ START InternLM3-8B-Instruct [late]  modes=baseline,uniform_causal,uniform_global,shuffle_rows repeats=1
[2026-09-06 20:39:58] ━━━━━━━━━━━━━━━━━━━━━━━━━━━━━━━━━━━━━━━━
Skipping import of cpp extensions due to incompatible torch version. Please upgrade to torch >= 2.11.0 (found 2.10.0+cu128).
[LayerSplit] Model has 48 layers, split='late' → layers 36..47 (12 layers)
Loading checkpoint shards:   0%|          | 0/2 [00:00<?, ?it/s]Loading checkpoint shards:  50%|█████     | 1/2 [00:58<00:58, 58.58s/it]Loading checkpoint shards: 100%|██████████| 2/2 [01:44<00:00, 50.98s/it]Loading checkpoint shards: 100%|██████████| 2/2 [01:44<00:00, 52.12s/it]
[Load] float16 on single GPU (cuda:0)
[ZH-Filter] kept 9/20 probes (Δlogp > 0.5). Kept indices: [1, 3, 4, 6, 7, 9, 15, 16, 17]
[Gate] EN baseline acc=85.0% (3 failed: [0, 1, 3]) → WARN (continuing)
[Gate] ZH baseline acc=100.0% (0 failed: []) → PASS
[Stream] Incremental log -> /mnt/e/grow/glogic_b4/test/github/results_v8/InternLM3-8B-Instruct_late/stream.jsonl

############################################################
  REPEAT 1/1 (seed=42)
############################################################

==================================================
  CONDITION: baseline (seed=42)
==================================================
  EN acc=85.0% ppl=43.81
  ZH acc=100.0% ppl=71.07
  EN gen_ppl=1.52
  ZH gen_ppl=1.57

==================================================
  CONDITION: uniform_causal (seed=42)
==================================================
[Intervention] Registered 12 hooks on layers [36, 37, 38, 39, 40, 41, 42, 43, 44, 45, 46, 47], mode=uniform_causal
[Verify] All hooks fired. Total calls: 7824, per-layer: {36: 652, 37: 652, 38: 652, 39: 652, 40: 652, 41: 652, 42: 652, 43: 652, 44: 652, 45: 652, 46: 652, 47: 652}
  EN acc=85.0% ppl=60.65
  ZH acc=100.0% ppl=90.66
  EN gen_ppl=2.71
  ZH gen_ppl=3.39

==================================================
  CONDITION: uniform_global (seed=42)
==================================================
[Intervention] Registered 12 hooks on layers [36, 37, 38, 39, 40, 41, 42, 43, 44, 45, 46, 47], mode=uniform_global
[Verify] All hooks fired. Total calls: 7824, per-layer: {36: 652, 37: 652, 38: 652, 39: 652, 40: 652, 41: 652, 42: 652, 43: 652, 44: 652, 45: 652, 46: 652, 47: 652}
  EN acc=85.0% ppl=22.16
  ZH acc=88.9% ppl=20.48
  EN gen_ppl=3.00
  ZH gen_ppl=3.33

==================================================
  CONDITION: shuffle_rows (seed=42)
==================================================
[Intervention] Registered 12 hooks on layers [36, 37, 38, 39, 40, 41, 42, 43, 44, 45, 46, 47], mode=shuffle_rows
[Verify] All hooks fired. Total calls: 7824, per-layer: {36: 652, 37: 652, 38: 652, 39: 652, 40: 652, 41: 652, 42: 652, 43: 652, 44: 652, 45: 652, 46: 652, 47: 652}
  EN acc=85.0% ppl=31.84
  ZH acc=100.0% ppl=41.87
  EN gen_ppl=1.99
  ZH gen_ppl=2.06

Saved -> /mnt/e/grow/glogic_b4/test/github/results_v8/InternLM3-8B-Instruct_late/intervention_results.json
[2026-09-06 20:44:15] ✅ DONE InternLM3-8B-Instruct_late in 257s
[2026-09-06 20:44:15] ━━━━━━━━━━━━━━━━━━━━━━━━━━━━━━━━━━━━━━━━
[2026-09-06 20:44:15] ▶ START Qwen3-8B-Base [early]  modes=baseline,uniform_causal,uniform_global,shuffle_rows repeats=1
[2026-09-06 20:44:15] ━━━━━━━━━━━━━━━━━━━━━━━━━━━━━━━━━━━━━━━━
Skipping import of cpp extensions due to incompatible torch version. Please upgrade to torch >= 2.11.0 (found 2.10.0+cu128).
[LayerSplit] Model has 36 layers, split='early' → layers 0..8 (9 layers)
Loading checkpoint shards:   0%|          | 0/5 [00:00<?, ?it/s]Loading checkpoint shards:  20%|██        | 1/5 [00:22<01:29, 22.28s/it]Loading checkpoint shards:  40%|████      | 2/5 [00:45<01:09, 23.11s/it]Loading checkpoint shards:  60%|██████    | 3/5 [01:09<00:46, 23.21s/it]Loading checkpoint shards:  80%|████████  | 4/5 [01:25<00:20, 20.54s/it]Loading checkpoint shards: 100%|██████████| 5/5 [01:31<00:00, 15.37s/it]Loading checkpoint shards: 100%|██████████| 5/5 [01:31<00:00, 18.39s/it]
[Load] float16 on single GPU (cuda:0)
[ZH-Filter] kept 11/20 probes (Δlogp > 0.5). Kept indices: [1, 2, 3, 4, 7, 9, 10, 15, 16, 17, 18]
[Gate] EN baseline acc=90.0% (2 failed: [1, 3]) → WARN (continuing)
[Gate] ZH baseline acc=100.0% (0 failed: []) → PASS
[Stream] Incremental log -> /mnt/e/grow/glogic_b4/test/github/results_v8/Qwen3-8B-Base_early/stream.jsonl

############################################################
  REPEAT 1/1 (seed=42)
############################################################

==================================================
  CONDITION: baseline (seed=42)
==================================================
  EN acc=90.0% ppl=15.20
  ZH acc=100.0% ppl=22.32
  EN gen_ppl=1.65
  ZH gen_ppl=1.79

==================================================
  CONDITION: uniform_causal (seed=42)
==================================================
[Intervention] Registered 9 hooks on layers [0, 1, 2, 3, 4, 5, 6, 7, 8], mode=uniform_causal
[Verify] All hooks fired. Total calls: 5868, per-layer: {0: 652, 1: 652, 2: 652, 3: 652, 4: 652, 5: 652, 6: 652, 7: 652, 8: 652}
  EN acc=85.0% ppl=478.36
  ZH acc=90.9% ppl=1906.16
  EN gen_ppl=20.21
  ZH gen_ppl=131.38

==================================================
  CONDITION: uniform_global (seed=42)
==================================================
[Intervention] Registered 9 hooks on layers [0, 1, 2, 3, 4, 5, 6, 7, 8], mode=uniform_global
[Verify] All hooks fired. Total calls: 5868, per-layer: {0: 652, 1: 652, 2: 652, 3: 652, 4: 652, 5: 652, 6: 652, 7: 652, 8: 652}
  EN acc=85.0% ppl=900.90
  ZH acc=90.9% ppl=8176.22
  EN gen_ppl=56.04
  ZH gen_ppl=845.34

==================================================
  CONDITION: shuffle_rows (seed=42)
==================================================
[Intervention] Registered 9 hooks on layers [0, 1, 2, 3, 4, 5, 6, 7, 8], mode=shuffle_rows
[Verify] All hooks fired. Total calls: 5868, per-layer: {0: 652, 1: 652, 2: 652, 3: 652, 4: 652, 5: 652, 6: 652, 7: 652, 8: 652}
  EN acc=85.0% ppl=1498.15
  ZH acc=81.8% ppl=3327.65
  EN gen_ppl=162.99
  ZH gen_ppl=85.22

Saved -> /mnt/e/grow/glogic_b4/test/github/results_v8/Qwen3-8B-Base_early/intervention_results.json
[2026-09-06 20:48:19] ✅ DONE Qwen3-8B-Base_early in 244s
[2026-09-06 20:48:19] ━━━━━━━━━━━━━━━━━━━━━━━━━━━━━━━━━━━━━━━━
[2026-09-06 20:48:19] ▶ START Qwen3-8B-Base [early]_shuffvar  modes=shuffle_rows repeats=3
[2026-09-06 20:48:19] ━━━━━━━━━━━━━━━━━━━━━━━━━━━━━━━━━━━━━━━━
Skipping import of cpp extensions due to incompatible torch version. Please upgrade to torch >= 2.11.0 (found 2.10.0+cu128).
[LayerSplit] Model has 36 layers, split='early' → layers 0..8 (9 layers)
Loading checkpoint shards:   0%|          | 0/5 [00:00<?, ?it/s]Loading checkpoint shards:  20%|██        | 1/5 [00:18<01:13, 18.42s/it]Loading checkpoint shards:  40%|████      | 2/5 [00:44<01:08, 22.95s/it]Loading checkpoint shards:  60%|██████    | 3/5 [01:05<00:44, 22.01s/it]Loading checkpoint shards:  80%|████████  | 4/5 [01:25<00:21, 21.40s/it]Loading checkpoint shards: 100%|██████████| 5/5 [01:32<00:00, 15.99s/it]Loading checkpoint shards: 100%|██████████| 5/5 [01:32<00:00, 18.46s/it]
[Load] float16 on single GPU (cuda:0)
[ZH-Filter] kept 11/20 probes (Δlogp > 0.5). Kept indices: [1, 2, 3, 4, 7, 9, 10, 15, 16, 17, 18]
[Gate] EN baseline acc=90.0% (2 failed: [1, 3]) → WARN (continuing)
[Gate] ZH baseline acc=100.0% (0 failed: []) → PASS
[Stream] Incremental log -> /mnt/e/grow/glogic_b4/test/github/results_v8/Qwen3-8B-Base_early_shuffvar/stream.jsonl

############################################################
  REPEAT 1/3 (seed=42)
############################################################

==================================================
  CONDITION: shuffle_rows (seed=42)
==================================================
[Intervention] Registered 9 hooks on layers [0, 1, 2, 3, 4, 5, 6, 7, 8], mode=shuffle_rows
[Verify] All hooks fired. Total calls: 378, per-layer: {0: 42, 1: 42, 2: 42, 3: 42, 4: 42, 5: 42, 6: 42, 7: 42, 8: 42}
  EN acc=85.0% ppl=1498.15
  ZH acc=81.8% ppl=3327.65

############################################################
  REPEAT 2/3 (seed=43)
############################################################

==================================================
  CONDITION: shuffle_rows (seed=43)
==================================================
[Intervention] Registered 9 hooks on layers [0, 1, 2, 3, 4, 5, 6, 7, 8], mode=shuffle_rows
[Verify] All hooks fired. Total calls: 378, per-layer: {0: 42, 1: 42, 2: 42, 3: 42, 4: 42, 5: 42, 6: 42, 7: 42, 8: 42}
  EN acc=90.0% ppl=985.64
  ZH acc=100.0% ppl=4488.00

############################################################
  REPEAT 3/3 (seed=44)
############################################################

==================================================
  CONDITION: shuffle_rows (seed=44)
==================================================
[Intervention] Registered 9 hooks on layers [0, 1, 2, 3, 4, 5, 6, 7, 8], mode=shuffle_rows
[Verify] All hooks fired. Total calls: 378, per-layer: {0: 42, 1: 42, 2: 42, 3: 42, 4: 42, 5: 42, 6: 42, 7: 42, 8: 42}
  EN acc=85.0% ppl=2403.72
  ZH acc=81.8% ppl=1731.28

============================================================
SUMMARY (mean ± std across repeats)
============================================================
  shuffle_rows         | EN acc=86.7±2.4% ZH acc=87.9±8.6%

Saved -> /mnt/e/grow/glogic_b4/test/github/results_v8/Qwen3-8B-Base_early_shuffvar/intervention_results.json
[2026-09-06 20:50:04] ✅ DONE Qwen3-8B-Base_early_shuffvar in 105s
[2026-09-06 20:50:04] ━━━━━━━━━━━━━━━━━━━━━━━━━━━━━━━━━━━━━━━━
[2026-09-06 20:50:04] ▶ START Qwen3-8B-Base [mid]  modes=baseline,uniform_causal,uniform_global,shuffle_rows repeats=1
[2026-09-06 20:50:04] ━━━━━━━━━━━━━━━━━━━━━━━━━━━━━━━━━━━━━━━━
Skipping import of cpp extensions due to incompatible torch version. Please upgrade to torch >= 2.11.0 (found 2.10.0+cu128).
[LayerSplit] Model has 36 layers, split='mid' → layers 9..26 (18 layers)
Loading checkpoint shards:   0%|          | 0/5 [00:00<?, ?it/s]Loading checkpoint shards:  20%|██        | 1/5 [00:21<01:25, 21.26s/it]Loading checkpoint shards:  40%|████      | 2/5 [00:46<01:10, 23.35s/it]Loading checkpoint shards:  60%|██████    | 3/5 [01:09<00:46, 23.29s/it]Loading checkpoint shards:  80%|████████  | 4/5 [01:26<00:20, 20.75s/it]Loading checkpoint shards: 100%|██████████| 5/5 [01:32<00:00, 15.51s/it]Loading checkpoint shards: 100%|██████████| 5/5 [01:32<00:00, 18.47s/it]
[Load] float16 on single GPU (cuda:0)
[ZH-Filter] kept 11/20 probes (Δlogp > 0.5). Kept indices: [1, 2, 3, 4, 7, 9, 10, 15, 16, 17, 18]
[Gate] EN baseline acc=90.0% (2 failed: [1, 3]) → WARN (continuing)
[Gate] ZH baseline acc=100.0% (0 failed: []) → PASS
[Stream] Incremental log -> /mnt/e/grow/glogic_b4/test/github/results_v8/Qwen3-8B-Base_mid/stream.jsonl

############################################################
  REPEAT 1/1 (seed=42)
############################################################

==================================================
  CONDITION: baseline (seed=42)
==================================================
  EN acc=90.0% ppl=15.20
  ZH acc=100.0% ppl=22.32
  EN gen_ppl=1.65
  ZH gen_ppl=1.79

==================================================
  CONDITION: uniform_causal (seed=42)
==================================================
[Intervention] Registered 18 hooks on layers [9, 10, 11, 12, 13, 14, 15, 16, 17, 18, 19, 20, 21, 22, 23, 24, 25, 26], mode=uniform_causal
[Verify] All hooks fired. Total calls: 11736, per-layer: {9: 652, 10: 652, 11: 652, 12: 652, 13: 652, 14: 652, 15: 652, 16: 652, 17: 652, 18: 652, 19: 652, 20: 652, 21: 652, 22: 652, 23: 652, 24: 652, 25: 652, 26: 652}
  EN acc=90.0% ppl=65.31
  ZH acc=100.0% ppl=56.89
  EN gen_ppl=1.23
  ZH gen_ppl=1.38

==================================================
  CONDITION: uniform_global (seed=42)
==================================================
[Intervention] Registered 18 hooks on layers [9, 10, 11, 12, 13, 14, 15, 16, 17, 18, 19, 20, 21, 22, 23, 24, 25, 26], mode=uniform_global
[Verify] All hooks fired. Total calls: 11736, per-layer: {9: 652, 10: 652, 11: 652, 12: 652, 13: 652, 14: 652, 15: 652, 16: 652, 17: 652, 18: 652, 19: 652, 20: 652, 21: 652, 22: 652, 23: 652, 24: 652, 25: 652, 26: 652}
  EN acc=90.0% ppl=6.09
  ZH acc=90.9% ppl=11.79
  EN gen_ppl=1.14
  ZH gen_ppl=1.21

==================================================
  CONDITION: shuffle_rows (seed=42)
==================================================
[Intervention] Registered 18 hooks on layers [9, 10, 11, 12, 13, 14, 15, 16, 17, 18, 19, 20, 21, 22, 23, 24, 25, 26], mode=shuffle_rows
[Verify] All hooks fired. Total calls: 10926, per-layer: {9: 607, 10: 607, 11: 607, 12: 607, 13: 607, 14: 607, 15: 607, 16: 607, 17: 607, 18: 607, 19: 607, 20: 607, 21: 607, 22: 607, 23: 607, 24: 607, 25: 607, 26: 607}
  EN acc=90.0% ppl=50.80
  ZH acc=100.0% ppl=82.86
  EN gen_ppl=16.09
  ZH gen_ppl=25.41

Saved -> /mnt/e/grow/glogic_b4/test/github/results_v8/Qwen3-8B-Base_mid/intervention_results.json
[2026-09-06 20:53:51] ✅ DONE Qwen3-8B-Base_mid in 227s
[2026-09-06 20:53:51] ━━━━━━━━━━━━━━━━━━━━━━━━━━━━━━━━━━━━━━━━
[2026-09-06 20:53:51] ▶ START Qwen3-8B-Base [late]  modes=baseline,uniform_causal,uniform_global,shuffle_rows repeats=1
[2026-09-06 20:53:51] ━━━━━━━━━━━━━━━━━━━━━━━━━━━━━━━━━━━━━━━━
Skipping import of cpp extensions due to incompatible torch version. Please upgrade to torch >= 2.11.0 (found 2.10.0+cu128).
[LayerSplit] Model has 36 layers, split='late' → layers 27..35 (9 layers)
Loading checkpoint shards:   0%|          | 0/5 [00:00<?, ?it/s]Loading checkpoint shards:  20%|██        | 1/5 [00:23<01:34, 23.53s/it]Loading checkpoint shards:  40%|████      | 2/5 [00:45<01:07, 22.42s/it]Loading checkpoint shards:  60%|██████    | 3/5 [01:10<00:47, 23.63s/it]Loading checkpoint shards:  80%|████████  | 4/5 [01:27<00:20, 20.92s/it]Loading checkpoint shards: 100%|██████████| 5/5 [01:33<00:00, 15.65s/it]Loading checkpoint shards: 100%|██████████| 5/5 [01:33<00:00, 18.66s/it]
[Load] float16 on single GPU (cuda:0)
[ZH-Filter] kept 11/20 probes (Δlogp > 0.5). Kept indices: [1, 2, 3, 4, 7, 9, 10, 15, 16, 17, 18]
[Gate] EN baseline acc=90.0% (2 failed: [1, 3]) → WARN (continuing)
[Gate] ZH baseline acc=100.0% (0 failed: []) → PASS
[Stream] Incremental log -> /mnt/e/grow/glogic_b4/test/github/results_v8/Qwen3-8B-Base_late/stream.jsonl

############################################################
  REPEAT 1/1 (seed=42)
############################################################

==================================================
  CONDITION: baseline (seed=42)
==================================================
  EN acc=90.0% ppl=15.20
  ZH acc=100.0% ppl=22.32
  EN gen_ppl=1.65
  ZH gen_ppl=1.79

==================================================
  CONDITION: uniform_causal (seed=42)
==================================================
[Intervention] Registered 9 hooks on layers [27, 28, 29, 30, 31, 32, 33, 34, 35], mode=uniform_causal
[Verify] All hooks fired. Total calls: 5085, per-layer: {27: 565, 28: 565, 29: 565, 30: 565, 31: 565, 32: 565, 33: 565, 34: 565, 35: 565}
  EN acc=85.0% ppl=17.69
  ZH acc=100.0% ppl=32.40
  EN gen_ppl=4.17
  ZH gen_ppl=4.79

==================================================
  CONDITION: uniform_global (seed=42)
==================================================
[Intervention] Registered 9 hooks on layers [27, 28, 29, 30, 31, 32, 33, 34, 35], mode=uniform_global
[Verify] All hooks fired. Total calls: 5085, per-layer: {27: 565, 28: 565, 29: 565, 30: 565, 31: 565, 32: 565, 33: 565, 34: 565, 35: 565}
  EN acc=85.0% ppl=10.44
  ZH acc=100.0% ppl=18.21
  EN gen_ppl=4.02
  ZH gen_ppl=3.99

==================================================
  CONDITION: shuffle_rows (seed=42)
==================================================
[Intervention] Registered 9 hooks on layers [27, 28, 29, 30, 31, 32, 33, 34, 35], mode=shuffle_rows
[Verify] All hooks fired. Total calls: 5751, per-layer: {27: 639, 28: 639, 29: 639, 30: 639, 31: 639, 32: 639, 33: 639, 34: 639, 35: 639}
  EN acc=90.0% ppl=13.67
  ZH acc=100.0% ppl=20.78
  EN gen_ppl=3.11
  ZH gen_ppl=2.86

Saved -> /mnt/e/grow/glogic_b4/test/github/results_v8/Qwen3-8B-Base_late/intervention_results.json
[2026-09-06 20:57:49] ✅ DONE Qwen3-8B-Base_late in 238s
[2026-09-06 20:57:49] ━━━━━━━━━━━━━━━━━━━━━━━━━━━━━━━━━━━━━━━━
[2026-09-06 20:57:49] ▶ START Llama-3.1-8B-Base [early]  modes=baseline,uniform_causal,uniform_global,shuffle_rows repeats=1
[2026-09-06 20:57:49] ━━━━━━━━━━━━━━━━━━━━━━━━━━━━━━━━━━━━━━━━
Skipping import of cpp extensions due to incompatible torch version. Please upgrade to torch >= 2.11.0 (found 2.10.0+cu128).
[LayerSplit] Model has 32 layers, split='early' → layers 0..7 (8 layers)
Loading checkpoint shards:   0%|          | 0/4 [00:00<?, ?it/s]Loading checkpoint shards:  25%|██▌       | 1/4 [00:30<01:31, 30.61s/it]Loading checkpoint shards:  50%|█████     | 2/4 [00:58<00:57, 28.97s/it]Loading checkpoint shards:  75%|███████▌  | 3/4 [01:27<00:29, 29.19s/it]Loading checkpoint shards: 100%|██████████| 4/4 [01:34<00:00, 20.19s/it]Loading checkpoint shards: 100%|██████████| 4/4 [01:34<00:00, 23.57s/it]
The following generation flags are not valid and may be ignored: ['temperature', 'top_p']. Set `TRANSFORMERS_VERBOSITY=info` for more details.
The following generation flags are not valid and may be ignored: ['temperature', 'top_p']. Set `TRANSFORMERS_VERBOSITY=info` for more details.
The following generation flags are not valid and may be ignored: ['temperature', 'top_p']. Set `TRANSFORMERS_VERBOSITY=info` for more details.
The following generation flags are not valid and may be ignored: ['temperature', 'top_p']. Set `TRANSFORMERS_VERBOSITY=info` for more details.
The following generation flags are not valid and may be ignored: ['temperature', 'top_p']. Set `TRANSFORMERS_VERBOSITY=info` for more details.
The following generation flags are not valid and may be ignored: ['temperature', 'top_p']. Set `TRANSFORMERS_VERBOSITY=info` for more details.
The following generation flags are not valid and may be ignored: ['temperature', 'top_p']. Set `TRANSFORMERS_VERBOSITY=info` for more details.
The following generation flags are not valid and may be ignored: ['temperature', 'top_p']. Set `TRANSFORMERS_VERBOSITY=info` for more details.
The following generation flags are not valid and may be ignored: ['temperature', 'top_p']. Set `TRANSFORMERS_VERBOSITY=info` for more details.
The following generation flags are not valid and may be ignored: ['temperature', 'top_p']. Set `TRANSFORMERS_VERBOSITY=info` for more details.
The following generation flags are not valid and may be ignored: ['temperature', 'top_p']. Set `TRANSFORMERS_VERBOSITY=info` for more details.
The following generation flags are not valid and may be ignored: ['temperature', 'top_p']. Set `TRANSFORMERS_VERBOSITY=info` for more details.
The following generation flags are not valid and may be ignored: ['temperature', 'top_p']. Set `TRANSFORMERS_VERBOSITY=info` for more details.
The following generation flags are not valid and may be ignored: ['temperature', 'top_p']. Set `TRANSFORMERS_VERBOSITY=info` for more details.
The following generation flags are not valid and may be ignored: ['temperature', 'top_p']. Set `TRANSFORMERS_VERBOSITY=info` for more details.
The following generation flags are not valid and may be ignored: ['temperature', 'top_p']. Set `TRANSFORMERS_VERBOSITY=info` for more details.
The following generation flags are not valid and may be ignored: ['temperature', 'top_p']. Set `TRANSFORMERS_VERBOSITY=info` for more details.
The following generation flags are not valid and may be ignored: ['temperature', 'top_p']. Set `TRANSFORMERS_VERBOSITY=info` for more details.
The following generation flags are not valid and may be ignored: ['temperature', 'top_p']. Set `TRANSFORMERS_VERBOSITY=info` for more details.
The following generation flags are not valid and may be ignored: ['temperature', 'top_p']. Set `TRANSFORMERS_VERBOSITY=info` for more details.
The following generation flags are not valid and may be ignored: ['temperature', 'top_p']. Set `TRANSFORMERS_VERBOSITY=info` for more details.
The following generation flags are not valid and may be ignored: ['temperature', 'top_p']. Set `TRANSFORMERS_VERBOSITY=info` for more details.
The following generation flags are not valid and may be ignored: ['temperature', 'top_p']. Set `TRANSFORMERS_VERBOSITY=info` for more details.
The following generation flags are not valid and may be ignored: ['temperature', 'top_p']. Set `TRANSFORMERS_VERBOSITY=info` for more details.
The following generation flags are not valid and may be ignored: ['temperature', 'top_p']. Set `TRANSFORMERS_VERBOSITY=info` for more details.
The following generation flags are not valid and may be ignored: ['temperature', 'top_p']. Set `TRANSFORMERS_VERBOSITY=info` for more details.
The following generation flags are not valid and may be ignored: ['temperature', 'top_p']. Set `TRANSFORMERS_VERBOSITY=info` for more details.
The following generation flags are not valid and may be ignored: ['temperature', 'top_p']. Set `TRANSFORMERS_VERBOSITY=info` for more details.
The following generation flags are not valid and may be ignored: ['temperature', 'top_p']. Set `TRANSFORMERS_VERBOSITY=info` for more details.
The following generation flags are not valid and may be ignored: ['temperature', 'top_p']. Set `TRANSFORMERS_VERBOSITY=info` for more details.
The following generation flags are not valid and may be ignored: ['temperature', 'top_p']. Set `TRANSFORMERS_VERBOSITY=info` for more details.
The following generation flags are not valid and may be ignored: ['temperature', 'top_p']. Set `TRANSFORMERS_VERBOSITY=info` for more details.
The following generation flags are not valid and may be ignored: ['temperature', 'top_p']. Set `TRANSFORMERS_VERBOSITY=info` for more details.
The following generation flags are not valid and may be ignored: ['temperature', 'top_p']. Set `TRANSFORMERS_VERBOSITY=info` for more details.
The following generation flags are not valid and may be ignored: ['temperature', 'top_p']. Set `TRANSFORMERS_VERBOSITY=info` for more details.
The following generation flags are not valid and may be ignored: ['temperature', 'top_p']. Set `TRANSFORMERS_VERBOSITY=info` for more details.
The following generation flags are not valid and may be ignored: ['temperature', 'top_p']. Set `TRANSFORMERS_VERBOSITY=info` for more details.
The following generation flags are not valid and may be ignored: ['temperature', 'top_p']. Set `TRANSFORMERS_VERBOSITY=info` for more details.
The following generation flags are not valid and may be ignored: ['temperature', 'top_p']. Set `TRANSFORMERS_VERBOSITY=info` for more details.
The following generation flags are not valid and may be ignored: ['temperature', 'top_p']. Set `TRANSFORMERS_VERBOSITY=info` for more details.
[Load] float16 on single GPU (cuda:0)
[ZH-Filter] kept 11/20 probes (Δlogp > 0.5). Kept indices: [0, 1, 2, 3, 4, 7, 15, 16, 17, 18, 19]
[Gate] EN baseline acc=85.0% (3 failed: [1, 3, 19]) → WARN (continuing)
[Gate] ZH baseline acc=100.0% (0 failed: []) → PASS
[Stream] Incremental log -> /mnt/e/grow/glogic_b4/test/github/results_v8/Llama-3.1-8B-Base_early/stream.jsonl

############################################################
  REPEAT 1/1 (seed=42)
############################################################

==================================================
  CONDITION: baseline (seed=42)
==================================================
  EN acc=85.0% ppl=34.35
  ZH acc=100.0% ppl=25.03
  EN gen_ppl=2.31
  ZH gen_ppl=1.92

==================================================
  CONDITION: uniform_causal (seed=42)
==================================================
[Intervention] Registered 8 hooks on layers [0, 1, 2, 3, 4, 5, 6, 7], mode=uniform_causal
[Verify] All hooks fired. Total calls: 5224, per-layer: {0: 653, 1: 653, 2: 653, 3: 653, 4: 653, 5: 653, 6: 653, 7: 653}
  EN acc=90.0% ppl=6550.35
  ZH acc=90.9% ppl=18620.33
  EN gen_ppl=2324.95
  ZH gen_ppl=590.15

==================================================
  CONDITION: uniform_global (seed=42)
==================================================
[Intervention] Registered 8 hooks on layers [0, 1, 2, 3, 4, 5, 6, 7], mode=uniform_global
[Verify] All hooks fired. Total calls: 5224, per-layer: {0: 653, 1: 653, 2: 653, 3: 653, 4: 653, 5: 653, 6: 653, 7: 653}
  EN acc=85.0% ppl=7357.16
  ZH acc=90.9% ppl=6463.06
  EN gen_ppl=2982.40
  ZH gen_ppl=324.31

==================================================
  CONDITION: shuffle_rows (seed=42)
==================================================
[Intervention] Registered 8 hooks on layers [0, 1, 2, 3, 4, 5, 6, 7], mode=shuffle_rows
[Verify] All hooks fired. Total calls: 3280, per-layer: {0: 410, 1: 410, 2: 410, 3: 410, 4: 410, 5: 410, 6: 410, 7: 410}
  EN acc=85.0% ppl=59.41
  ZH acc=81.8% ppl=320.40
  EN gen_ppl=17.44
  ZH gen_ppl=23.84

Saved -> /mnt/e/grow/glogic_b4/test/github/results_v8/Llama-3.1-8B-Base_early/intervention_results.json
[2026-09-06 21:00:47] ✅ DONE Llama-3.1-8B-Base_early in 178s
[2026-09-06 21:00:47] ━━━━━━━━━━━━━━━━━━━━━━━━━━━━━━━━━━━━━━━━
[2026-09-06 21:00:47] ▶ START Llama-3.1-8B-Base [early]_shuffvar  modes=shuffle_rows repeats=3
[2026-09-06 21:00:47] ━━━━━━━━━━━━━━━━━━━━━━━━━━━━━━━━━━━━━━━━
Skipping import of cpp extensions due to incompatible torch version. Please upgrade to torch >= 2.11.0 (found 2.10.0+cu128).
[LayerSplit] Model has 32 layers, split='early' → layers 0..7 (8 layers)
Loading checkpoint shards:   0%|          | 0/4 [00:00<?, ?it/s]Loading checkpoint shards:  25%|██▌       | 1/4 [00:29<01:27, 29.18s/it]Loading checkpoint shards:  50%|█████     | 2/4 [00:56<00:56, 28.07s/it]Loading checkpoint shards:  75%|███████▌  | 3/4 [01:25<00:28, 28.33s/it]Loading checkpoint shards: 100%|██████████| 4/4 [01:34<00:00, 20.80s/it]Loading checkpoint shards: 100%|██████████| 4/4 [01:34<00:00, 23.59s/it]
[Load] float16 on single GPU (cuda:0)
[ZH-Filter] kept 11/20 probes (Δlogp > 0.5). Kept indices: [0, 1, 2, 3, 4, 7, 15, 16, 17, 18, 19]
[Gate] EN baseline acc=85.0% (3 failed: [1, 3, 19]) → WARN (continuing)
[Gate] ZH baseline acc=100.0% (0 failed: []) → PASS
[Stream] Incremental log -> /mnt/e/grow/glogic_b4/test/github/results_v8/Llama-3.1-8B-Base_early_shuffvar/stream.jsonl

############################################################
  REPEAT 1/3 (seed=42)
############################################################

==================================================
  CONDITION: shuffle_rows (seed=42)
==================================================
[Intervention] Registered 8 hooks on layers [0, 1, 2, 3, 4, 5, 6, 7], mode=shuffle_rows
[Verify] All hooks fired. Total calls: 344, per-layer: {0: 43, 1: 43, 2: 43, 3: 43, 4: 43, 5: 43, 6: 43, 7: 43}
  EN acc=85.0% ppl=59.41
  ZH acc=81.8% ppl=320.40

############################################################
  REPEAT 2/3 (seed=43)
############################################################

==================================================
  CONDITION: shuffle_rows (seed=43)
==================================================
[Intervention] Registered 8 hooks on layers [0, 1, 2, 3, 4, 5, 6, 7], mode=shuffle_rows
[Verify] All hooks fired. Total calls: 344, per-layer: {0: 43, 1: 43, 2: 43, 3: 43, 4: 43, 5: 43, 6: 43, 7: 43}
  EN acc=85.0% ppl=90.55
  ZH acc=90.9% ppl=434.87

############################################################
  REPEAT 3/3 (seed=44)
############################################################

==================================================
  CONDITION: shuffle_rows (seed=44)
==================================================
[Intervention] Registered 8 hooks on layers [0, 1, 2, 3, 4, 5, 6, 7], mode=shuffle_rows
[Verify] All hooks fired. Total calls: 344, per-layer: {0: 43, 1: 43, 2: 43, 3: 43, 4: 43, 5: 43, 6: 43, 7: 43}
  EN acc=90.0% ppl=84.37
  ZH acc=100.0% ppl=437.24

============================================================
SUMMARY (mean ± std across repeats)
============================================================
  shuffle_rows         | EN acc=86.7±2.4% ZH acc=90.9±7.4%

Saved -> /mnt/e/grow/glogic_b4/test/github/results_v8/Llama-3.1-8B-Base_early_shuffvar/intervention_results.json
[2026-09-06 21:02:34] ✅ DONE Llama-3.1-8B-Base_early_shuffvar in 107s
[2026-09-06 21:02:34] ━━━━━━━━━━━━━━━━━━━━━━━━━━━━━━━━━━━━━━━━
[2026-09-06 21:02:34] ▶ START Llama-3.1-8B-Base [mid]  modes=baseline,uniform_causal,uniform_global,shuffle_rows repeats=1
[2026-09-06 21:02:34] ━━━━━━━━━━━━━━━━━━━━━━━━━━━━━━━━━━━━━━━━
Skipping import of cpp extensions due to incompatible torch version. Please upgrade to torch >= 2.11.0 (found 2.10.0+cu128).
[LayerSplit] Model has 32 layers, split='mid' → layers 8..23 (16 layers)
Loading checkpoint shards:   0%|          | 0/4 [00:00<?, ?it/s]Loading checkpoint shards:  25%|██▌       | 1/4 [00:28<01:25, 28.64s/it]Loading checkpoint shards:  50%|█████     | 2/4 [00:58<00:59, 29.62s/it]Loading checkpoint shards:  75%|███████▌  | 3/4 [01:30<00:30, 30.55s/it]Loading checkpoint shards: 100%|██████████| 4/4 [01:37<00:00, 21.08s/it]Loading checkpoint shards: 100%|██████████| 4/4 [01:37<00:00, 24.29s/it]
The following generation flags are not valid and may be ignored: ['temperature', 'top_p']. Set `TRANSFORMERS_VERBOSITY=info` for more details.
The following generation flags are not valid and may be ignored: ['temperature', 'top_p']. Set `TRANSFORMERS_VERBOSITY=info` for more details.
The following generation flags are not valid and may be ignored: ['temperature', 'top_p']. Set `TRANSFORMERS_VERBOSITY=info` for more details.
The following generation flags are not valid and may be ignored: ['temperature', 'top_p']. Set `TRANSFORMERS_VERBOSITY=info` for more details.
The following generation flags are not valid and may be ignored: ['temperature', 'top_p']. Set `TRANSFORMERS_VERBOSITY=info` for more details.
The following generation flags are not valid and may be ignored: ['temperature', 'top_p']. Set `TRANSFORMERS_VERBOSITY=info` for more details.
The following generation flags are not valid and may be ignored: ['temperature', 'top_p']. Set `TRANSFORMERS_VERBOSITY=info` for more details.
The following generation flags are not valid and may be ignored: ['temperature', 'top_p']. Set `TRANSFORMERS_VERBOSITY=info` for more details.
The following generation flags are not valid and may be ignored: ['temperature', 'top_p']. Set `TRANSFORMERS_VERBOSITY=info` for more details.
The following generation flags are not valid and may be ignored: ['temperature', 'top_p']. Set `TRANSFORMERS_VERBOSITY=info` for more details.
The following generation flags are not valid and may be ignored: ['temperature', 'top_p']. Set `TRANSFORMERS_VERBOSITY=info` for more details.
The following generation flags are not valid and may be ignored: ['temperature', 'top_p']. Set `TRANSFORMERS_VERBOSITY=info` for more details.
The following generation flags are not valid and may be ignored: ['temperature', 'top_p']. Set `TRANSFORMERS_VERBOSITY=info` for more details.
The following generation flags are not valid and may be ignored: ['temperature', 'top_p']. Set `TRANSFORMERS_VERBOSITY=info` for more details.
The following generation flags are not valid and may be ignored: ['temperature', 'top_p']. Set `TRANSFORMERS_VERBOSITY=info` for more details.
The following generation flags are not valid and may be ignored: ['temperature', 'top_p']. Set `TRANSFORMERS_VERBOSITY=info` for more details.
The following generation flags are not valid and may be ignored: ['temperature', 'top_p']. Set `TRANSFORMERS_VERBOSITY=info` for more details.
The following generation flags are not valid and may be ignored: ['temperature', 'top_p']. Set `TRANSFORMERS_VERBOSITY=info` for more details.
The following generation flags are not valid and may be ignored: ['temperature', 'top_p']. Set `TRANSFORMERS_VERBOSITY=info` for more details.
The following generation flags are not valid and may be ignored: ['temperature', 'top_p']. Set `TRANSFORMERS_VERBOSITY=info` for more details.
The following generation flags are not valid and may be ignored: ['temperature', 'top_p']. Set `TRANSFORMERS_VERBOSITY=info` for more details.
The following generation flags are not valid and may be ignored: ['temperature', 'top_p']. Set `TRANSFORMERS_VERBOSITY=info` for more details.
The following generation flags are not valid and may be ignored: ['temperature', 'top_p']. Set `TRANSFORMERS_VERBOSITY=info` for more details.
The following generation flags are not valid and may be ignored: ['temperature', 'top_p']. Set `TRANSFORMERS_VERBOSITY=info` for more details.
The following generation flags are not valid and may be ignored: ['temperature', 'top_p']. Set `TRANSFORMERS_VERBOSITY=info` for more details.
The following generation flags are not valid and may be ignored: ['temperature', 'top_p']. Set `TRANSFORMERS_VERBOSITY=info` for more details.
The following generation flags are not valid and may be ignored: ['temperature', 'top_p']. Set `TRANSFORMERS_VERBOSITY=info` for more details.
The following generation flags are not valid and may be ignored: ['temperature', 'top_p']. Set `TRANSFORMERS_VERBOSITY=info` for more details.
The following generation flags are not valid and may be ignored: ['temperature', 'top_p']. Set `TRANSFORMERS_VERBOSITY=info` for more details.
The following generation flags are not valid and may be ignored: ['temperature', 'top_p']. Set `TRANSFORMERS_VERBOSITY=info` for more details.
The following generation flags are not valid and may be ignored: ['temperature', 'top_p']. Set `TRANSFORMERS_VERBOSITY=info` for more details.
The following generation flags are not valid and may be ignored: ['temperature', 'top_p']. Set `TRANSFORMERS_VERBOSITY=info` for more details.
The following generation flags are not valid and may be ignored: ['temperature', 'top_p']. Set `TRANSFORMERS_VERBOSITY=info` for more details.
The following generation flags are not valid and may be ignored: ['temperature', 'top_p']. Set `TRANSFORMERS_VERBOSITY=info` for more details.
The following generation flags are not valid and may be ignored: ['temperature', 'top_p']. Set `TRANSFORMERS_VERBOSITY=info` for more details.
The following generation flags are not valid and may be ignored: ['temperature', 'top_p']. Set `TRANSFORMERS_VERBOSITY=info` for more details.
The following generation flags are not valid and may be ignored: ['temperature', 'top_p']. Set `TRANSFORMERS_VERBOSITY=info` for more details.
The following generation flags are not valid and may be ignored: ['temperature', 'top_p']. Set `TRANSFORMERS_VERBOSITY=info` for more details.
The following generation flags are not valid and may be ignored: ['temperature', 'top_p']. Set `TRANSFORMERS_VERBOSITY=info` for more details.
The following generation flags are not valid and may be ignored: ['temperature', 'top_p']. Set `TRANSFORMERS_VERBOSITY=info` for more details.
[Load] float16 on single GPU (cuda:0)
[ZH-Filter] kept 11/20 probes (Δlogp > 0.5). Kept indices: [0, 1, 2, 3, 4, 7, 15, 16, 17, 18, 19]
[Gate] EN baseline acc=85.0% (3 failed: [1, 3, 19]) → WARN (continuing)
[Gate] ZH baseline acc=100.0% (0 failed: []) → PASS
[Stream] Incremental log -> /mnt/e/grow/glogic_b4/test/github/results_v8/Llama-3.1-8B-Base_mid/stream.jsonl

############################################################
  REPEAT 1/1 (seed=42)
############################################################

==================================================
  CONDITION: baseline (seed=42)
==================================================
  EN acc=85.0% ppl=34.35
  ZH acc=100.0% ppl=25.03
  EN gen_ppl=2.31
  ZH gen_ppl=1.92

==================================================
  CONDITION: uniform_causal (seed=42)
==================================================
[Intervention] Registered 16 hooks on layers [8, 9, 10, 11, 12, 13, 14, 15, 16, 17, 18, 19, 20, 21, 22, 23], mode=uniform_causal
[Verify] All hooks fired. Total calls: 10448, per-layer: {8: 653, 9: 653, 10: 653, 11: 653, 12: 653, 13: 653, 14: 653, 15: 653, 16: 653, 17: 653, 18: 653, 19: 653, 20: 653, 21: 653, 22: 653, 23: 653}
  EN acc=90.0% ppl=123.34
  ZH acc=100.0% ppl=7085.35
  EN gen_ppl=1.29
  ZH gen_ppl=1.61

==================================================
  CONDITION: uniform_global (seed=42)
==================================================
[Intervention] Registered 16 hooks on layers [8, 9, 10, 11, 12, 13, 14, 15, 16, 17, 18, 19, 20, 21, 22, 23], mode=uniform_global
[Verify] All hooks fired. Total calls: 10448, per-layer: {8: 653, 9: 653, 10: 653, 11: 653, 12: 653, 13: 653, 14: 653, 15: 653, 16: 653, 17: 653, 18: 653, 19: 653, 20: 653, 21: 653, 22: 653, 23: 653}
  EN acc=85.0% ppl=12.70
  ZH acc=72.7% ppl=270714.66
  EN gen_ppl=1.13
  ZH gen_ppl=1.81

==================================================
  CONDITION: shuffle_rows (seed=42)
==================================================
[Intervention] Registered 16 hooks on layers [8, 9, 10, 11, 12, 13, 14, 15, 16, 17, 18, 19, 20, 21, 22, 23], mode=shuffle_rows
[Verify] All hooks fired. Total calls: 9104, per-layer: {8: 569, 9: 569, 10: 569, 11: 569, 12: 569, 13: 569, 14: 569, 15: 569, 16: 569, 17: 569, 18: 569, 19: 569, 20: 569, 21: 569, 22: 569, 23: 569}
  EN acc=90.0% ppl=32.64
  ZH acc=90.9% ppl=40.41
  EN gen_ppl=8.47
  ZH gen_ppl=16.27

Saved -> /mnt/e/grow/glogic_b4/test/github/results_v8/Llama-3.1-8B-Base_mid/intervention_results.json
[2026-09-06 21:05:53] ✅ DONE Llama-3.1-8B-Base_mid in 199s
[2026-09-06 21:05:53] ━━━━━━━━━━━━━━━━━━━━━━━━━━━━━━━━━━━━━━━━
[2026-09-06 21:05:53] ▶ START Llama-3.1-8B-Base [late]  modes=baseline,uniform_causal,uniform_global,shuffle_rows repeats=1
[2026-09-06 21:05:53] ━━━━━━━━━━━━━━━━━━━━━━━━━━━━━━━━━━━━━━━━
Skipping import of cpp extensions due to incompatible torch version. Please upgrade to torch >= 2.11.0 (found 2.10.0+cu128).
[LayerSplit] Model has 32 layers, split='late' → layers 24..31 (8 layers)
Loading checkpoint shards:   0%|          | 0/4 [00:00<?, ?it/s]Loading checkpoint shards:  25%|██▌       | 1/4 [00:31<01:33, 31.20s/it]Loading checkpoint shards:  50%|█████     | 2/4 [00:58<00:58, 29.05s/it]Loading checkpoint shards:  75%|███████▌  | 3/4 [01:27<00:28, 28.71s/it]Loading checkpoint shards: 100%|██████████| 4/4 [01:33<00:00, 20.00s/it]Loading checkpoint shards: 100%|██████████| 4/4 [01:33<00:00, 23.42s/it]
The following generation flags are not valid and may be ignored: ['temperature', 'top_p']. Set `TRANSFORMERS_VERBOSITY=info` for more details.
The following generation flags are not valid and may be ignored: ['temperature', 'top_p']. Set `TRANSFORMERS_VERBOSITY=info` for more details.
The following generation flags are not valid and may be ignored: ['temperature', 'top_p']. Set `TRANSFORMERS_VERBOSITY=info` for more details.
The following generation flags are not valid and may be ignored: ['temperature', 'top_p']. Set `TRANSFORMERS_VERBOSITY=info` for more details.
The following generation flags are not valid and may be ignored: ['temperature', 'top_p']. Set `TRANSFORMERS_VERBOSITY=info` for more details.
The following generation flags are not valid and may be ignored: ['temperature', 'top_p']. Set `TRANSFORMERS_VERBOSITY=info` for more details.
The following generation flags are not valid and may be ignored: ['temperature', 'top_p']. Set `TRANSFORMERS_VERBOSITY=info` for more details.
The following generation flags are not valid and may be ignored: ['temperature', 'top_p']. Set `TRANSFORMERS_VERBOSITY=info` for more details.
The following generation flags are not valid and may be ignored: ['temperature', 'top_p']. Set `TRANSFORMERS_VERBOSITY=info` for more details.
The following generation flags are not valid and may be ignored: ['temperature', 'top_p']. Set `TRANSFORMERS_VERBOSITY=info` for more details.
The following generation flags are not valid and may be ignored: ['temperature', 'top_p']. Set `TRANSFORMERS_VERBOSITY=info` for more details.
The following generation flags are not valid and may be ignored: ['temperature', 'top_p']. Set `TRANSFORMERS_VERBOSITY=info` for more details.
The following generation flags are not valid and may be ignored: ['temperature', 'top_p']. Set `TRANSFORMERS_VERBOSITY=info` for more details.
The following generation flags are not valid and may be ignored: ['temperature', 'top_p']. Set `TRANSFORMERS_VERBOSITY=info` for more details.
The following generation flags are not valid and may be ignored: ['temperature', 'top_p']. Set `TRANSFORMERS_VERBOSITY=info` for more details.
The following generation flags are not valid and may be ignored: ['temperature', 'top_p']. Set `TRANSFORMERS_VERBOSITY=info` for more details.
The following generation flags are not valid and may be ignored: ['temperature', 'top_p']. Set `TRANSFORMERS_VERBOSITY=info` for more details.
The following generation flags are not valid and may be ignored: ['temperature', 'top_p']. Set `TRANSFORMERS_VERBOSITY=info` for more details.
The following generation flags are not valid and may be ignored: ['temperature', 'top_p']. Set `TRANSFORMERS_VERBOSITY=info` for more details.
The following generation flags are not valid and may be ignored: ['temperature', 'top_p']. Set `TRANSFORMERS_VERBOSITY=info` for more details.
The following generation flags are not valid and may be ignored: ['temperature', 'top_p']. Set `TRANSFORMERS_VERBOSITY=info` for more details.
The following generation flags are not valid and may be ignored: ['temperature', 'top_p']. Set `TRANSFORMERS_VERBOSITY=info` for more details.
The following generation flags are not valid and may be ignored: ['temperature', 'top_p']. Set `TRANSFORMERS_VERBOSITY=info` for more details.
The following generation flags are not valid and may be ignored: ['temperature', 'top_p']. Set `TRANSFORMERS_VERBOSITY=info` for more details.
The following generation flags are not valid and may be ignored: ['temperature', 'top_p']. Set `TRANSFORMERS_VERBOSITY=info` for more details.
The following generation flags are not valid and may be ignored: ['temperature', 'top_p']. Set `TRANSFORMERS_VERBOSITY=info` for more details.
The following generation flags are not valid and may be ignored: ['temperature', 'top_p']. Set `TRANSFORMERS_VERBOSITY=info` for more details.
The following generation flags are not valid and may be ignored: ['temperature', 'top_p']. Set `TRANSFORMERS_VERBOSITY=info` for more details.
The following generation flags are not valid and may be ignored: ['temperature', 'top_p']. Set `TRANSFORMERS_VERBOSITY=info` for more details.
The following generation flags are not valid and may be ignored: ['temperature', 'top_p']. Set `TRANSFORMERS_VERBOSITY=info` for more details.
The following generation flags are not valid and may be ignored: ['temperature', 'top_p']. Set `TRANSFORMERS_VERBOSITY=info` for more details.
The following generation flags are not valid and may be ignored: ['temperature', 'top_p']. Set `TRANSFORMERS_VERBOSITY=info` for more details.
The following generation flags are not valid and may be ignored: ['temperature', 'top_p']. Set `TRANSFORMERS_VERBOSITY=info` for more details.
The following generation flags are not valid and may be ignored: ['temperature', 'top_p']. Set `TRANSFORMERS_VERBOSITY=info` for more details.
The following generation flags are not valid and may be ignored: ['temperature', 'top_p']. Set `TRANSFORMERS_VERBOSITY=info` for more details.
The following generation flags are not valid and may be ignored: ['temperature', 'top_p']. Set `TRANSFORMERS_VERBOSITY=info` for more details.
The following generation flags are not valid and may be ignored: ['temperature', 'top_p']. Set `TRANSFORMERS_VERBOSITY=info` for more details.
The following generation flags are not valid and may be ignored: ['temperature', 'top_p']. Set `TRANSFORMERS_VERBOSITY=info` for more details.
The following generation flags are not valid and may be ignored: ['temperature', 'top_p']. Set `TRANSFORMERS_VERBOSITY=info` for more details.
The following generation flags are not valid and may be ignored: ['temperature', 'top_p']. Set `TRANSFORMERS_VERBOSITY=info` for more details.
[Load] float16 on single GPU (cuda:0)
[ZH-Filter] kept 11/20 probes (Δlogp > 0.5). Kept indices: [0, 1, 2, 3, 4, 7, 15, 16, 17, 18, 19]
[Gate] EN baseline acc=85.0% (3 failed: [1, 3, 19]) → WARN (continuing)
[Gate] ZH baseline acc=100.0% (0 failed: []) → PASS
[Stream] Incremental log -> /mnt/e/grow/glogic_b4/test/github/results_v8/Llama-3.1-8B-Base_late/stream.jsonl

############################################################
  REPEAT 1/1 (seed=42)
############################################################

==================================================
  CONDITION: baseline (seed=42)
==================================================
  EN acc=85.0% ppl=34.35
  ZH acc=100.0% ppl=25.03
  EN gen_ppl=2.31
  ZH gen_ppl=1.92

==================================================
  CONDITION: uniform_causal (seed=42)
==================================================
[Intervention] Registered 8 hooks on layers [24, 25, 26, 27, 28, 29, 30, 31], mode=uniform_causal
[Verify] All hooks fired. Total calls: 5224, per-layer: {24: 653, 25: 653, 26: 653, 27: 653, 28: 653, 29: 653, 30: 653, 31: 653}
  EN acc=85.0% ppl=43.05
  ZH acc=100.0% ppl=77.32
  EN gen_ppl=4.33
  ZH gen_ppl=4.88

==================================================
  CONDITION: uniform_global (seed=42)
==================================================
[Intervention] Registered 8 hooks on layers [24, 25, 26, 27, 28, 29, 30, 31], mode=uniform_global
[Verify] All hooks fired. Total calls: 5224, per-layer: {24: 653, 25: 653, 26: 653, 27: 653, 28: 653, 29: 653, 30: 653, 31: 653}
  EN acc=85.0% ppl=38.11
  ZH acc=100.0% ppl=70.86
  EN gen_ppl=3.22
  ZH gen_ppl=4.01

==================================================
  CONDITION: shuffle_rows (seed=42)
==================================================
[Intervention] Registered 8 hooks on layers [24, 25, 26, 27, 28, 29, 30, 31], mode=shuffle_rows
[Verify] All hooks fired. Total calls: 4112, per-layer: {24: 514, 25: 514, 26: 514, 27: 514, 28: 514, 29: 514, 30: 514, 31: 514}
  EN acc=85.0% ppl=33.18
  ZH acc=100.0% ppl=28.96
  EN gen_ppl=2.65
  ZH gen_ppl=2.35

Saved -> /mnt/e/grow/glogic_b4/test/github/results_v8/Llama-3.1-8B-Base_late/intervention_results.json
[2026-09-06 21:09:06] ✅ DONE Llama-3.1-8B-Base_late in 193s
[2026-09-06 21:09:06] 
[2026-09-06 21:09:06] === v8 LOCAL COMPLETE — ok:40 failed:0 missing:0 ===
[2026-09-06 21:09:06] Results: /mnt/e/grow/glogic_b4/test/github/results_v8/
